1663.0633014532516,0.0
2239.803332999999,0.0
0.0,0.0
0.0,0.0
0.0,0.0
0.0,0.0
1534.159517905691,0.0
3782.093172119926,0.0
2233.1499999999955,0.0
0.0,0.0
2710.3515849028263,0.0
0.0,0.0
0.0,0.0
0.0,0.0
0.0,0.0
3618.2748459179993,0.0
0.0,0.0
673.1088455349687,0.0
0.0,0.0
850.4160691839434,0.0
1277.188114607819,0.0
0.0,0.0
0.0,0.0
2003.64,0.0
0.0,0.0
0.0,0.0
2583.1633329999922,0.0
0.0,0.0
0.0,0.0
0.0,0.0
0.0,0.0
2023.3513078490673,0.0
0.0,0.0
1659.0625973430526,0.0
0.0,0.0
2033.6651961548112,0.0
0.0,0.0
0.0,0.0
3638.7551073694876,0.0
0.0,0.0
2076.2687347653555,0.0
1178.5737544260796,0.0
1752.546666999999,0.0
0.0,0.0
2963.2007802185894,0.0
0.0,0.0
964.0533332999996,0.0
1756.4672751699043,0.0
0.0,0.0
0.0,0.0
0.0,0.0
974.195693474673,0.0
1555.1450435139961,0.0
590.073395212664,0.0
0.0,0.0
0.0,0.0
548.9499999999994,0.0
60.296698882781584,0.0
3046.323333413282,0.0
0.0,0.0
0.0,0.0
921.8843156036062,0.0
0.0,0.0
4141.933647260419,0.0
0.0,0.0
0.0,0.0
1273.0373388847195,0.0
2175.9038535756113,0.0
0.0,0.0
0.0,0.0
1879.5944879654933,0.0
0.0,0.0
0.0,0.0
0.0,0.0
895.0766666999983,0.0
820.5438640419144,0.0
2666.1799999999953,0.0
0.0,0.0
1279.5328364936206,0.0
0.0,0.0
2784.0166669999903,0.0
0.0,0.0
1431.653280951864,0.0
0.0,0.0
0.0,0.0
0.0,0.0
0.0,0.0
0.0,0.0
0.0,0.0
1556.4727610416805,0.0
2120.4374398284303,0.0
0.0,0.0
0.0,0.0
235.17293120286536,0.0
0.0,0.0
0.0,0.0
0.0,0.0
0.0,0.0
0.0,0.0
2.1102932671269845,0.0
0.0,0.0
0.0,0.0
0.0,0.0
552.8353562721708,0.0
0.0,0.0
0.0,0.0
0.13516850446640688,0.0
0.0,0.0
0.0,0.0
446.1200513350276,0.0
0.0,0.0
0.0,0.0
0.0,0.0
0.0,0.0
1347.8699999999963,0.0
0.0,0.0
0.0,0.0
0.0,0.0
0.0,0.0
0.019820875291802414,0.0
795.0411573362402,0.0
0.0,0.0
0.0,0.0
0.0,0.0
0.0,0.0
242.95282385119535,0.0
0.0,0.0
0.0,0.0
987.5604020225313,0.0
0.0,0.0
0.0,0.0
0.0,0.0
0.0,0.0
0.0,0.0
0.0,0.0
0.0,0.0
0.0,0.0
0.0,0.0
0.0,0.0
0.0,0.0
0.0,0.0
0.0,0.0
0.0,0.0
459.1886609374359,0.0
2397.155316376815,0.0
2310.08333299999,0.0
0.0,0.0
536.3037910117936,0.0
1072.7770932037597,0.0
0.0,0.0
607.5103606621567,0.0
0.0,0.0
0.0,0.0
0.0,0.0
1489.6999999999991,0.0
617.9635227547909,0.0
0.0,0.0
0.0,0.0
685.2239248298506,0.0
0.0,0.0
0.0,0.0
0.0,0.0
0.0,0.0
0.0,0.0
0.0,0.0
848.1158207194612,0.0
0.0,0.0
0.0,0.0
186.3633333000001,0.0
0.0,0.0
0.0,0.0
0.0,0.0
0.0,0.0
0.0,0.0
56.35819455565207,0.0
0.0,0.0
0.0,0.0
0.0,0.0
0.0,0.0
0.0,0.0
0.0,0.0
759.003333300001,0.0
243.49587356051617,0.0
817.9073323814631,0.0
316.5266666999994,0.0
0.0,0.0
238.9116811514629,0.0
1077.5805836300121,0.0
925.2258590889853,0.0
0.0,0.0
0.0,0.0
141.62274485105328,0.0
87.9839961861084,0.0
0.0,0.0
299.6333332999998,0.0
0.0,0.0
0.0,0.0
0.0,0.0
997.5299999999991,0.0
416.8586636113342,0.0
287.1336492783725,0.0
554.5099999999986,0.0
0.0,0.0
0.0,0.0
0.0,0.0
0.0,0.0
72.80418792422438,0.0
499.4799999999997,0.0
0.0,0.0
0.0,0.0
0.0,0.0
167.37333329999996,0.0
225.48511865089841,0.0
0.0,0.0
0.0,0.0
726.0776490477388,0.0
0.0,0.0
0.0,0.0
0.0,0.0
0.0,0.0
0.0,0.0
0.0,0.0
0.0,0.0
0.0,0.0
0.0,0.0
0.0,0.0
0.0,0.0
0.0,0.0
0.0,0.0
0.0,0.0
0.0,0.0
0.0,0.0
0.0,0.0
152.7446440477411,0.0
0.0,0.0
0.0,0.0
0.0,0.0
0.0,0.0
136.33670625105262,0.0
0.0,0.0
0.0,0.0
0.0,0.0
0.0,0.0
0.0,0.0
0.0,0.0
43.04073930371439,0.0
182.4598815740223,0.0
0.0,0.0
841.0148891671038,0.0
76.4239573166099,0.0
0.0,0.0
0.0,0.0
362.8412510389519,0.0
16.778372813993723,0.0
0.0,0.0
0.0,0.0
0.0,0.0
995.7612537179286,0.0
0.0,0.0
0.0,0.0
0.0,0.0
0.0,0.0
242.90565200516463,0.0
0.0,0.0
0.0,0.0
0.0,0.0
0.0,0.0
816.8445935643798,0.0
0.0,0.0
0.0032106232237432693,0.0
0.0,0.0
193.11000000000004,0.0
0.0,0.0
0.0,0.0
0.0,0.0
0.0,0.0
480.7833332999997,0.0
0.0,0.0
0.0,0.0
0.0,0.0
0.0,0.0
92.22141773415566,0.0
0.0,0.0
160.88533065310094,0.0
0.0,0.0
0.0,0.0
1171.7266669999967,0.0
3092.1373816595396,0.0
0.0,0.0
378.83140350115224,0.0
0.0,0.0
0.0,0.0
207.93333329999956,0.0
0.0,0.0
216.17424422440726,0.0
550.2314422474478,0.0
0.0,0.0
167.88333329999963,0.0
0.0,0.0
211.46133511592453,0.0
0.0,0.0
96.43763494071662,0.0
0.0,0.0
9.244479016914402,0.0
0.0,0.0
0.0,0.0
87.29265346373654,0.0
0.0,0.0
0.0,0.0
135.31323181587535,0.0
100.73750043580007,0.0
0.0,0.0
0.0,0.0
84.865885529157,0.0
0.0,0.0
249.04999999999984,0.0
0.0,0.0
0.0,0.0
6.074033206888149E-6,0.0
743.0997232545965,0.0
0.0,0.0
0.0,0.0
0.0,0.0
0.0,0.0
0.0,0.0
0.0,0.0
0.0,0.0
0.0,0.0
221.56999999999954,0.0
70.63534080264706,0.0
0.0,0.0
0.0,0.0
0.0,0.0
0.0,0.0
0.0,0.0
0.0,0.0
0.0,0.0
0.0,0.0
0.0,0.0
0.0,0.0
30.086666669999964,0.0
181.77963597503395,0.0
77.31275398435773,0.0
0.0,0.0
202.69477104438525,0.0
783.3499999999989,0.0
0.0,0.0
0.0,0.0
0.0,0.0
73.37000228922483,0.0
691.2985460469358,0.0
211.72000000000006,0.0
0.0,0.0
0.0,0.0
58.95768380697538,0.0
0.0,0.0
0.0,0.0
1370.783332999997,0.0
685.9758177574698,0.0
0.0026985047735900293,0.0
0.0,0.0
2.9164869673204135E-4,0.0
185.83999999999983,0.0
0.0,0.0
382.8212834773187,0.0
62.499999999999915,0.0
0.0,0.0
0.0,0.0
0.0,0.0
254.227271228275,0.0
308.32365055754025,0.0
1.9495450359482877E-5,0.0
0.0,0.0
0.0,0.0
0.0,0.0
0.0,0.0
0.0,0.0
62.99999999999984,0.0
426.66666669999825,0.0
54.59580320464164,0.0
0.0,0.0
0.0,0.0
167.62602763561182,0.0
369.99438523868196,0.0
39.46703516692041,0.0
116.58175619242705,0.0
0.0,0.0
0.0,44.36
412.36605808460365,23.92
72.70314075443397,11.600003038411264
3.317775352637949E-4,19.121408097915026
161.23576917415508,17.500631109069484
5.76652307522454,38.32
74.06097302102614,15.84
501.0990133435394,44.36239469959649
186.10675583061465,17.559289709956996
0.0,27.72
412.36586574970545,23.92
63.92377759868745,16.880014270153605
106.6102390307284,2.12
106.61008499792997,25.44
5.302606581621972E-4,16.88
113.43428082947153,10.2
0.0,4.2
113.43385720035027,11.921512183999539
0.0043810452667431814,10.2
572.3701716018032,13.68
286.3250108607473,10.48
469.1137946160688,7.48
851.5487121350707,13.68
330.7994422690087,9.68
178.5056674195488,19.93749915908699
170.54075945567502,7.0
903.5027998584427,9.681547986542874
0.005034730585831285,14.6
0.00466926582411534,15.526627426922888
835.0263952510128,5.44
0.006203135321400974,14.6
0.005034730585831285,8.44
0.006203135321400974,8.44
0.28576625180338444,9.44
0.006621832280069983,12.08
43.73511417486519,5.12
43.73152685695218,9.44
3390.9353200596897,3.337552277706165
1768.580464445743,8.447297000246053
0.11056307051319203,12.24
1108.773674917411,2.9728615684280593
1907.8106982855877,17.12
290.94449503748444,13.28
0.10312753309884151,3.5201767821975105
369.49388285701036,8.44
570.2911215664677,16.36105259089219
1134.911329000101,3.52
0.0,26.88
147.89660909128267,16.36
181.6510110500899,6.76000016224
2504.1400781278576,6.8
740.7521740845156,7.462650698037272
81.65101105008985,6.76
266.01006840667895,12.24
0.01554076107179841,13.04
668.1172600401121,11.36
1130.642614864448,9.18684552548939
967.2151952606736,13.044050346507452
2196.436953924049,4.290705453731472
0.011795592960745085,12.56
952.1248235669776,5.080566687208566
3104.683496929897,4.455018015880003
0.01504954455662472,10.12
160.01015185812366,4.04
0.01495765977360684,10.12
0.013419085151274,13.24
0.0037298750131986268,8.0
0.00207818053959772,9.8
6.335825891266653E-4,13.24
0.002761526033829304,13.0
239.26480974347731,6.84
0.010466340261457974,9.90364315144121
0.01015199848956723,13.0
0.005885481033363722,8.68
0.003813614952081006,8.76
239.39474402072725,8.496931883847118
0.007190704769390637,8.68
0.03837876872354533,15.72
0.012119691028339588,5.88
0.0449970086428334,11.44
0.042738775294541155,15.72
0.047583082826569464,10.88
872.3177091965362,11.60895253238329
336.7214807352208,4.362644687637311
336.7621594791243,10.880703662807017
0.013894813253033192,10.92
0.0031831588658122125,12.16
0.03479900641086002,4.162443047167235
1500.8668032262758,10.975385232572656
1115.846799026764,10.456178130081382
0.00635643979070226,10.44
0.0024366711893037073,10.48
2.514427918462326E-4,13.4
0.05407402374332291,2.6023617470657765
1393.0119798566905,10.5194454459634
147.53405057182033,16.4
0.0012524114651783194,13.160132043244808
1811.434945317239,2.2675941598284375
147.53380329139293,16.4
216.3609371573258,22.680000508830584
67.96319735764689,19.2
0.003243504383210188,12.04
814.8540802386995,22.681795981753957
68.83001590269807,20.600000462165347
0.0,6.16
0.0,21.12
1.614336589572294E-5,20.6
61.62862087219925,39.36
0.0,13.8
123.66666669999977,25.160005882207475
142.1448557966442,21.08
394.42794959434906,15.990300461770458
193.10610032000872,19.624395505915533
0.0,35.92
461.0320075165588,21.08000703501142
80.22753739247953,17.88
5.451137396695969E-6,20.28
17.995345840410483,5.76
17.993873448442955,17.88
3.576676969155524E-4,13.16
80.22753820934207,10.28
1091.2430538689578,6.740028147892044
2.6550243626823625E-4,13.16
1.1101412491129323,14.12
386.8855443239871,3.76
0.0020850122267204395,11.44
0.0018744574012588165,14.12
0.5841268078482823,12.44
131.99029072284185,3.48
507.39331848607304,14.697111837708587
192.82557279375416,12.44
23.873705835677235,13.72
507.97348848491004,2.4
7.676566513726412E-6,16.32
0.009013099919355973,13.72
0.010542896636109893,13.24
547.8184463841567,5.212599838104287
0.004056728665701115,14.88
0.011622251918876225,13.24
182.84095143924947,6.84
182.8312591066954,10.48
618.6626097796028,5.92
801.5048791949125,6.84
822.296887281673,4.459132936190547
639.8607984758312,19.28
0.013922032966387374,4.44
0.02259117463785503,14.0
1581.348675336846,5.749812678159466
0.013769803087498339,10.6
618.6969474803005,14.0
37.59462475721281,3.12
841.6317700301406,4.328414872640953
618.7233068835747,3.12
0.0,2.52
177.65955037402526,9.56
868.6082959570896,11.080444027185568
0.0,2.52
879.1774442094429,4.328414872640953
0.027377988659586596,14.08
861.3064765015914,5.11584765433853
0.07840490846061961,11.640064105123868
1550.2451524743096,14.111044960685588
644.04882033335,10.48
81.78535825489496,12.64
249.31283494809426,5.32
784.3346229922339,10.48
1756.8779513972265,9.4
1120.461177698979,13.6
338.73267299832514,6.0
2.507268900254189,9.4
0.2867480254696412,12.28
625.0979737623577,16.48005752100797
3041.0705993578013,2.6
1324.7450100400476,12.28
1722.0058758624941,7.68
1465.763603613047,3.56
2.58493438265315,15.732249759176526
0.5900441638510509,7.68
3221.2997410826592,12.32
3738.9559535151666,4.08
2016.953352927725,12.32
2348.644400308222,16.656783649341307
3658.1320122130815,2.5153861565139604
0.04976277915306835,28.72
0.04542455723420076,16.56
324.6333391820803,9.6
0.019675404006058547,32.68
0.01662485764790962,8.44
1639.0619815443717,6.72
0.08480807330676175,9.6
0.5808426588947699,10.12
1339.229238963288,10.88
0.0248285990305715,7.76
2270.789658341786,10.18451437261158
1503.3427304479465,10.52959970126577
0.010964932303013132,10.56
1336.2434766302094,7.761343382020744
639.8710244802005,19.28
106.95991518731734,10.52
0.012985918847098871,12.76
143.12846441409081,2.8800000005702393
150.09361169829634,14.360000024477435
126.62792061741855,25.96
87.05203025680447,11.12
167.62602763561182,25.24
237.1462328511634,14.360000024477435
9.175891927044644E-4,17.8
429.77189407095386,6.406901411690603
2.120003809037859E-5,15.996771821769343
170.89134032475113,17.8
49.523380017715965,20.0
220.4138027532746,20.0
1.2073267234775685E-4,25.08
90.78981610497831,25.480001162330552
135.34138390723106,4.200000516222403
5.952674804041013E-5,25.08
76.53275103564948,23.120000792883587
4.7202613836555416E-7,9.64
18.19495150204092,20.840000832956424
6.954907145290907E-5,23.12
694.4193351361615,15.933075521273455
1.7145569935675604E-4,22.36
76.53274818766661,7.480000150367995
0.002162052147979094,15.920070142464455
372.2792183578202,13.12
0.0014934901124247337,11.1282294777739
379.252123678632,4.6800967793187915
1066.6611183497673,13.120732052503017
0.01634901466495329,8.0
0.003962747471059787,11.64
0.0034977098578456364,5.64011531777209
0.01843626607904977,8.000004187425484
211.70462505040015,5.76
5.887732024802547E-4,18.24
473.3199877964255,15.2
974.9651945100787,5.760366868474835
222.37045055849163,8.72
0.0015076720318171657,7.24
490.6331051132178,9.92
631.862768935613,8.72
0.012083190542601716,9.28
211.69969346663538,8.681974927346065
0.006165368556728599,9.12
0.0014678757978343537,18.24
4.40654560797587E-5,41.08
300.0660444423748,11.337208739196972
85.66819620935193,5.92
7.19159993101626E-5,41.08
1566.3008930605624,12.930817563386874
290.25939661409484,7.72
0.021039626873542976,9.8
738.0957713234025,12.92
2.786827772113929E-4,10.8
425.5424071262241,10.8
197.37594476857188,11.4
2.807645305513447E-4,10.8
0.0026837534252801927,11.72
307.6570751339722,8.04
602.8436624337129,9.640011998421075
0.0014252757340713275,11.72
0.001885802029106458,6.000000818171822
0.0,14.6
0.002214349331395465,2.88
0.0018786108729590665,6.0
107.27279390512635,5.720744827617966
642.9011658269718,20.68
1.4179606115166188E-4,11.64
6.146279233952274E-4,5.72
682.4420762499461,18.644041395670722
0.002371239532233926,5.08
114.14551075815717,31.042163823966924
2.3607676003837705E-5,18.64
4.471439666948806E-6,25.2
0.0,23.44
120.8591331793679,8.840066902389871
859.4264877714393,25.213742145799227
24.514120054938342,21.560000000015197
0.0,9.4
2.65410835550197E-5,23.481086538056218
56.13685058496848,21.56
148.19351119838072,13.800000003487378
2.1263621692981384E-4,17.4
522.9999999999995,31.122327369965248
0.0,15.6
0.0,63.84
576.0,15.6017164597096
408.6588772447229,28.84
97.9133253949183,15.680000348998453
0.0,12.72
728.2383724430623,28.84330989854874
71.11644337209792,22.96
43.467881796512835,18.000000460232364
337.7262650011654,9.923795855871324
0.0,22.96
514.8804927384291,21.32
1.8895349123248335E-4,6.68
84.01170304764759,21.60001994395002
4.613019012577045E-6,20.68
514.8804927384291,21.32
4.460685341501134E-4,8.36
81.86626047645382,23.52
1.4179606115166188E-4,11.64
1.4465515706185646E-4,11.68
125.98773249192601,5.32
92.09749151932911,11.4
92.0976333153903,11.68
0.0051413381902853566,10.920221820135556
64.10604981060793,1.3600511804847428
136.43477747518835,16.04
811.8518167143087,10.941845805471676
9.315960634581967E-4,16.48
123.56959784625046,2.96
61.63419292981233,13.44
8.714655431958868E-4,16.48
0.005401686242335836,11.68
153.8375728132872,15.36
0.006026278611262756,2.44
0.026034062874373144,11.68
1860.5418957186155,7.035274387499207
280.0704625580053,5.56
445.9062358226883,9.225278396156254
0.0029257966213957287,7.0
341.91548121060697,12.92
0.014029709659767799,12.68
189.85304595311806,17.56
37.056999888718806,5.76
378.97575306115397,12.92
1723.651315887641,13.29424893589639
333.7294038382878,6.92
362.0349194117806,9.8
57.727084044743,12.68
0.01736997493153204,6.72
9.217063159178504E-4,12.32
192.39617875111807,6.961466584671145
0.01856413318260659,6.72
0.019957504381028206,14.84
0.0068836130869960235,8.08
0.0023391725992317554,11.16
0.020882628973293505,14.84
2673.5740207606123,10.409175628606112
0.052138692635003335,3.52
1671.6618461143385,3.9085837340615837
0.019306502587021084,10.125866848595145
0.04607016080915551,12.96
0.008040760390966536,7.64
389.36277514156905,10.760041211133121
389.3962403175682,12.960025445126684
2675.5260770823,5.3190654079846045
906.8003620653888,8.48
0.31334921355821027,7.52
2.048016469586915,5.2800103665330935
0.019814593283781642,5.64
6.038949267033844,6.72
1432.663156499684,8.52
81.76435171105709,8.12
0.021573659885904446,5.64
0.0,2.16
0.004011344754959755,6.68
0.021578577970744823,9.68
0.0,2.16
4.814498322411663,6.72
0.0019518252794599178,6.68
721.348871216449,13.32
0.01147602591194467,2.0
1445.3831697387252,8.52
0.11981272877437925,13.04
934.6702418158773,7.92
0.008243792964683302,14.6
0.12188143947218996,13.04
0.26812041310086715,10.65329454275161
0.1265901937763232,6.72
0.0011872273120577242,11.36
69.0555087373175,8.12
3292.711438690446,1.292903157703978
12.782879793174748,8.924826839685284
0.07190649081069804,9.6
12.53644288125,10.6
0.00948157191905338,16.48
714.2907393055239,5.44
946.6959348668175,12.178087184707934
1068.2567867487535,4.040659829613765
2133.176660299628,10.652675656029533
0.022649482105218926,11.88
0.006399385098007284,11.08
2430.119200311775,11.255626343203353
615.2112656249285,4.24
0.07889507264216719,10.72153070954186
0.0031796112200009633,16.92
8.700232685116333,4.24
2727.7894827763575,10.488653776674456
2710.876254503923,14.365055973559816
0.014451271487341842,15.2
0.578691892445459,10.44
5157.261139453564,15.911665019223902
7.987134176026136,12.8
574.4095784013924,2.4
886.2799527039322,11.605789428505776
1301.8439426465686,5.48
556.8489408727297,12.36
3545.3767956195234,2.173664032868433
1845.8691497071327,5.4822210206442685
1278.1003766975327,8.96
2097.632426529473,7.76
115.70712177297449,5.04
3658.4042429098895,5.480000229569818
8.080790524432068,8.96
9.712196402235108,11.24
1269.2108811092853,4.0
331.94947121204336,9.32
24.606788878775294,11.24
4567.103726431949,10.24
467.21646601706317,18.76
1681.2621433902068,3.76
3221.886509971456,4.08
5697.254832273874,10.24
106.64044220819797,5.2
0.07734161608298531,14.84
1959.5663251257906,7.76
4051.0802608511626,2.7812057617994927
1357.4932594474808,2.6482218600730203
1302.4341307146829,5.36
1495.3150582661067,6.460056355632671
1.2375069315047804,5.36
0.6251302756556184,11.36
177.86915972787577,6.24
1751.7811601481503,9.28
178.43156489018386,11.36
1.1755123842301902,14.44
1795.5732963346602,7.945420400845983
0.5098384864278579,5.472071470751766
0.09518854049866819,14.44
0.07424567430563041,13.96
201.91662893087798,9.96
398.00862176042534,2.48
201.99124383891618,13.96
0.05194897905725836,15.48
0.002881471924363777,6.68
386.8606999900789,15.695682819844082
0.039886551833691795,3.52
0.06700833094036851,15.48
0.01889336296969013,2.08
5.0464040131803544E-5,14.0
1671.6720716377533,3.9085837340615837
0.02175103809162049,2.08
0.019113211997291418,14.04
434.3730808436268,1.8
433.8000140193904,14.04
0.0014665095645863568,9.68
2317.589346648076,5.939080279793693
0.0030642277069562727,9.68
0.0011622441367890827,9.68
93.03215236189715,15.68
199.36926416768253,7.2
0.001025053538547715,10.36
7.999740328802872E-4,15.68
1539.3882029099095,31.44
0.0016283399781228092,32.36
881.7636062052237,6.04
211.7006264855641,15.2
1440.0235198403418,31.44
2040.6050827714944,9.658339628357364
1.6843743910701072,9.64
0.027492847563333166,12.967190779069083
1702.0253602467772,2.367387626224353
0.01204592342016954,20.2
2093.7023739600377,13.340977030241115
1476.5361705386067,1.2
1233.0795722572793,1.4820048076530254
5.39378667949797E-4,16.32
1476.5367458809965,1.2
0.017399901863150453,8.84891231880804
1119.2202569453368,12.489885937393131
625.6681251250861,18.8
0.01640294967174013,8.8470025389868
776.97501494109,14.920857410904235
0.048288016224138544,2.3917879067509906
0.0,29.92
83.78639679831385,14.92
1112.1070693351671,21.24
1872.0184937947424,15.654259558681694
248.3326469568126,36.48
2636.941552417221,21.27598838463065
6.619934312720744E-4,17.72
0.004802126091671979,10.44
371.86499473045996,45.08
0.003018405851359884,17.72
69.34297959438207,23.08
233.50586081224174,6.44
262.259465846277,1.16
195.2626321074241,23.72
300.5087130337982,23.08
7.531160561988237E-4,24.28
272.17760669536625,35.84
0.026827434272059015,6.48
6.033645584754744E-4,24.28
145.58847026639262,26.56000023571838
123.50571981253657,10.2
6.034855536443518E-4,17.56
91.00207040440732,26.56
3.4356910906527664E-6,21.04
99.66775997328793,6.560000378956736
0.0,37.28
0.0,3.0
820.4936823897882,10.918482017486665
106.67055763008138,2.56
213.69628691288074,12.56
0.0,3.0
1119.2231792511259,12.492582097140762
0.016832802653638897,10.884053886445352
418.88836094261643,2.201925300334235
1.8270073661382677E-5,15.72
625.6667751138756,18.8
0.01862278718917742,29.24
0.017272775978956732,29.24
1751.2509540260587,8.96
0.2274832814710857,0.48
0.02032926451648168,12.96
0.2730672391049468,17.68
701.2153706113352,18.68
1776.2291092612745,6.473865293519522
0.017188282108192333,9.28
2473.221624244976,13.077046748958338
0.0022226649282505134,10.28
3.5808271404726026,10.04
1061.4279215098413,24.04
1954.3078892375313,39.51625552422921
62.418498116092636,1.76
182.39581978713028,12.950911237902504
0.002330630463156006,24.04
864.8756075381161,2.6
1809.513004971165,15.918979992633385
0.0,16.96
1325.4816882598147,39.39158472980852
1702.1362922543785,5.727950655025335
0.0015458860452500852,22.68
465.0948735184555,3.524615845442298
2172.1639841210445,5.772955689627953
2648.8276145853374,8.20010493919024
3.6789362682886315,4.898258501189282
1039.631229513882,8.96
1901.1930376353068,8.2
855.2925019886941,10.96
617.2093213579566,11.240410831350092
4071.544563084978,6.032558914921802
0.3983189278958169,6.6
3.4853321542157953,14.288853278155116
0.02611715207668774,11.8
0.40419320122163416,6.6
0.4289912431699573,6.04
0.01497147195408317,11.8
329.92949582448273,8.92
2658.4455806455985,6.460056355632671
1495.8567593305431,6.0588106192579705
0.7069589166573803,5.04
0.015712751145150212,11.92
2.3440333713549975,6.44
1194.9524134862763,13.266940047489571
0.0,23.84
0.021669208967014145,32.68
0.1381026785405755,1.1658557583372666
0.008401778875516651,16.48
0.02030069928053781,8.44
0.015098888738176504,12.92
0.0028158575274171435,6.08
1186.1122311262334,17.12
0.013219066816985089,12.92
0.022167983404823767,13.24
1636.7873099468388,3.24
0.012431504491873708,5.88
603.4494188616246,13.28
238.3838483582637,1.8
2.3697445885158877E-5,16.72
0.04163041234433042,11.44
0.029108061829891937,13.32
1884.2091200671912,2.48
7.128040438064585E-6,19.52
1836.4357252555603,6.72
291.5117448212009,2.24
1185.5247037125596,7.0
26.77496676031746,1.76
62.41387351517419,23.04
0.004624600918380698,32.08
845.3834738450329,2.6
4.870746382816738E-4,16.84
19.493561886457588,24.56
577.1837279977414,15.88
776.590589045395,13.253623201211644
1348.7016045554515,5.6
262.2579162601672,1.16
0.0013597962114802683,21.56
262.2595250213479,13.0
711.8458577824354,0.48
0.2562161531926863,17.68
0.04401142317007147,14.44
0.16005442134476475,6.0
0.0,12.92
182.39581978713028,17.000576981023723
0.019968453255008678,0.0
0.029646186403044207,13.647747775459576
0.04870676826491718,19.56
0.029630106986243288,11.56121629600046
0.0,0.0
0.010061164176218747,13.647747775459576
0.04705133643051181,23.24
1463.2840714367364,17.96
0.007061232888436462,14.08
0.0,0.0
0.06965670082271602,19.56
1155.758078666816,13.244244534473639
97.45439124753233,16.84
0.0,0.0
0.03309991573238608,23.24
1172.565205989761,13.230177926865247
1536.8640115804662,20.74061175101608
5.640787991147273E-4,31.08
2127.2364679066823,15.68
820.6146532491197,21.627525459112316
0.0,0.0
97.37934946595792,18.76
6.501546857148597,16.84
0.04580822708743585,20.72
0.14221651372271849,12.32
0.0,0.0
2180.9464651744097,3.56
1463.2709537068854,17.96
0.0027035009417147892,31.08
23.199919830127158,18.240044592523354
0.045423325858309764,17.36
0.024574886545070382,19.2
4377.579517905695,0.0
2489.5963518985013,5.205914888177711
1537.7407832029892,15.681333480896244
0.17971797301537928,18.24
0.24591681589873127,15.88
697.9931721199308,0.0
1125.1606805345102,15.72
2019.9492326585075,2.5153861565139604
921.1491859282919,20.192962733777204
0.12341753228595008,19.93395267192819
0.3734887580400546,23.16
564.025334143352,13.56
0.0,0.0
561.079011503026,25.44
0.012332126593682184,19.56
1762.857689050086,11.265495464631922
0.18721417909777116,6.32070981446479
0.0,0.0
561.055271929779,28.72
0.7777132239797702,14.84
0.0930298024611419,25.44
0.008162324132362057,23.68
0.02437992882296817,22.52
0.0010490602120006322,37.12
2710.3515849028263,0.0
993.9332949769058,14.36
0.7119310115773729,23.68
0.03462767376442642,15.96
1.022995845865592,22.56
0.1150806986132708,37.0
614.8545611466536,15.0
0.0,0.0
1826.6309806834208,12.802858805766874
0.04578287286360948,15.96
927.3511553969224,16.12
357.40079914430595,17.04
0.0,0.0
1269.372862759699,2.4005214182473256
0.04323508184801617,22.56
0.3242936650449295,22.64
0.04482612464027695,18.32
0.01616223730466687,24.4
0.0,0.0
935.8427465759363,3.76
517.7829114862852,21.6
0.11132094541027907,15.88
0.03951402991179026,22.52
1826.5275062057408,16.12
0.035167798644289205,17.52
0.0,0.0
953.9275871656406,12.36
316.0918754563793,4.0
0.04611704198790873,17.04
913.4302092609546,17.52
11078.481512917955,0.0
2851.1819315164116,2.0701771623818552
448.716927340217,5.040000211137205
0.2136824393334609,22.64
0.009318321228089265,22.44
2326.772989334811,12.84271615158743
0.0,0.0
0.15429821530693136,9.32
0.1247612188528889,12.32
0.004874506155339896,22.44
0.2270309511087445,8.56
6606.808845534944,0.0
3795.555331980001,5.48
1.7432921444283274,8.560000047778779
64.5694850180625,8.64
0.0,0.0
6615.405858281487,8.697031225733534
30.39768721541606,8.32
0.03428401456983148,26.2
3223.8727361839374,0.0
2.0225799706369556,7.322919174094275
986.2622639761415,18.325146555940506
573.5926070355241,21.72
271.06218108191314,29.12149767395906
1277.188114607819,0.0
0.8835272835044998,6.24
574.7494460883136,12.84
177.15890272640286,21.72
0.0,0.0
191.91532707107538,5.04
169.07650411873547,8.32
1301.6249497879676,12.320139518140454
0.0,0.0
449.7637341948169,9.28
1301.7691069729347,11.8
0.00813106359939086,11.92
0.02281737468804726,26.2
0.2289595441601291,22.36
0.009295212280733645,31.6
0.3871104424348449,20.36
0.0,0.0
0.7291563087107621,5.472071470751766
0.01035068662259871,22.36
0.0019237473978096192,25.96
0.0060876337618293525,21.24
0.0,0.0
1842.9763377757579,9.978834937632808
0.006330341733287619,25.96
7.383000793024918E-4,23.16
0.0021585354050816506,26.92
1.6394601461289745E-5,31.04
201.91295152618738,25.2
25.552330627927365,17.96
0.0,0.0
0.006725086896841421,31.6
0.002390004171722549,21.24
4.836082450522987E-5,23.16
437.10409056354115,19.64
1118.385167160078,16.8
0.006360983520863906,25.8
0.0,0.0
0.02745633040565701,22.68
0.2461487715742359,15.12800015641293
1961.4259506455687,20.39485483169072
0.004179754860312659,19.64
624.6264496321822,19.64
0.0,0.0
1220.9216950780906,11.826397232047428
0.11097050944837383,8.92
0.26325384570703203,12.32
2.177307375869118,19.48
0.0,0.0
30.682877229714315,3.52
1085.2858035943127,10.96351752593403
0.03490104459039223,19.48
0.061672406134833754,24.2
26.75077812059595,16.48
0.0,0.0
1690.2427631247024,16.8
1.758099683216587E-4,25.52
0.0023683630671671387,25.36
741.6362571156916,23.20411247999955
5.843922707660126,14.12
0.0,0.0
3.3217182901301756,11.24
617.2183444860156,14.44
1484.2100550883576,19.662646106572428
437.09952538552864,25.52
915.0843301306629,18.520466742229758
2023.3513078490673,0.0
0.0020749108972466595,32.36
701.212316180958,18.68
0.02009598412837186,25.731943464182105
4.2893994574189085,18.52
0.0033430217390974164,29.12
388.64382073605594,25.52223564006622
296.43627231319704,15.16
460.983470398109,23.40012221449911
0.0,0.0
0.002921707190340979,29.12
1360.3742716474605,17.0
0.04657010319764073,20.412025068106065
0.007243578761650714,14.08
0.02663352873987475,26.52
1659.0625973430526,0.0
94.58724477355253,6.0
1038.3948040643359,24.2186156459479
0.011992550228598634,25.52
818.5251754140024,17.0
0.0,39.16
568.6607301995131,25.92
0.0,0.0
0.01985644799098185,16.48
70.24735762406526,39.16002106475577
0.010969198013657653,27.2
0.04186315481513463,0.0
26.77375869930713,23.04
7.678422707452435E-4,20.36
62.432769836571254,25.92
0.010738479474136128,27.2
620.3810662129619,23.52
0.0,0.0
291.5117448212009,2.24
808.4599999999964,0.0
103.71551119239875,19.88
454.5813078322543,15.579498101743468
331.0002117633251,24.6
480.6416191879931,24.253367749064115
0.0022537972696121244,32.28
4.4653739621256053E-4,22.88
172.7153215675098,29.92
0.0015522994130029086,40.6
2.1898825601602604E-4,42.56
2908.80177436948,0.0
1256.5645477032626,6.8
297.73219270319566,16.04
1397.4055477810568,18.52
872.5192654640454,15.52
0.0,0.0
563.3850505779759,24.60026248626159
0.020713893756269752,16.04
0.0018013807741760737,17.76
0.016024245404772496,15.32
2076.2687347653555,0.0
1229.6413901104813,3.52
447.53438271621684,18.52
0.10498327827742465,18.92
1544.7459701696623,21.48
581.1162402897062,16.48
471.67375442607624,0.0
0.007503040910104836,12.08
0.007410719229472511,24.24
182.92834819171804,17.760418097823905
297.8117637274661,18.92
2157.2933329999946,0.0
0.05924771403779794,17.92
1794.0266764463447,17.22694077557657
0.016086946979047025,16.72
0.018496020730484734,19.88
2312.7166669999942,0.0
4217.543069333917,8.304037895847133
0.019865556541132114,17.92
624.9033987623704,17.122272029910754
0.010660802025228634,19.04
2666.8607802185907,0.0
0.016886696749645762,12.76
0.12241375430916414,15.242344559995495
1906.0516738964986,18.442133424236374
693.5363725850755,20.88
0.061263630877943544,15.12
0.0,0.0
0.008150617183209875,21.48
444.9404785920756,17.12
1198.995130303164,18.44
0.026945308816342696,17.48
390.62231173169573,20.16
0.0,0.0
140.11299492311713,9.56
0.023922098073479385,5.08257110165759
0.0021759534093921066,18.16
1323.3123367864441,16.76921911125673
1756.4672751699043,0.0
777.1662277249346,5.728649278398488
0.016017321939900877,16.72
0.005127348630805545,18.16
0.01193450928528383,18.52
0.0,0.0
0.004579393284787214,12.64
462.02443153679474,16.76
0.0036254281050406164,16.36
1.6543552769101308E-4,28.24
520.049014555173,18.68
0.0,0.0
106.97953237992725,2.88
0.0058273675529811105,18.52
0.004600449365653707,16.36
0.0015473887303738606,16.92
0.0,24.36
311.3666666999997,0.0
190.837619705631,11.640064105123868
0.003925950571009013,18.12
0.0,42.56
1157.1190267746713,0.0
0.009108704879937417,17.0
0.036021599544639266,18.04
0.002998195165238806,15.8
0.03504351399897392,0.0
0.043491636473321466,5.32
190.76314074774163,18.12
0.009076828012600286,17.0
0.07734843685753871,23.52
0.01602470994655322,18.16
170.11672851266482,0.0
640.6286172692808,5.44
0.0,14.96
945.4139747949191,13.282146232876363
696.2875591550176,14.64
0.0,0.0
668.9698642266553,7.0
170.5379384868275,14.967862042270855
0.011117676727275583,15.6
0.0,20.68
0.0,0.0
0.011971844531991465,13.28
0.004352009001561547,15.28
348.8054751584621,18.12
3.598345444499481E-4,18.88
0.0,0.0
304.039888742728,15.6
319.29439448489666,15.280711612680395
0.03553203593511687,15.195041923086109
0.007424315149343356,15.96
3370.770031882781,0.0
0.289640765821899,5.12
1927.7734215923522,13.308202264193623
973.0061754385284,16.48
0.022240301166253477,16.36
813.4113137729008,14.84
1304.3900004132897,0.0
0.001304046966480803,32.28
554.6455853368446,14.64
141.66498814517976,16.36
1.757244601048685E-4,22.0
0.0,0.0
1097.4532917607332,11.36
242.4335902235333,14.84
962.3411350714048,16.362479578479523
0.0010019639864912088,25.6
0.0,0.0
338.3238159933344,18.12
0.0,22.0
196.68617234874074,16.36
152.1234643122494,27.48
921.8843156036062,0.0
1836.7432291114562,13.264700646324732
479.1737954219248,20.88
209.50498058955367,17.48
0.005478255145070962,17.68
709.056128786614,17.2
0.0,0.0
1551.8993629953006,3.521490657452986
2.7917607159907743E-4,26.88
390.629010834851,20.16
0.0038591273325492372,17.68
61.75846824880229,15.262687569503523
4141.933647260419,0.0
915.0943718375092,3.24
1097.221224552856,14.92
0.027481410366270446,16.76
2129.650942285099,19.19134094589229
0.0,0.0
0.0064339803895004455,8.28
0.004134462420535338,15.24
375.51934867619417,14.92
0.0069751482904613134,17.36
0.0,0.0
0.0021143315886585205,10.56
520.001531252408,28.24
0.012970700316429605,16.92
0.009583339820104368,17.08
1101.7330825700076,17.58915065791882
1273.0373388847195,0.0
1372.4056231744428,7.788052494944832
744.9797100732296,15.121088344963935
2.2533778948379712E-5,24.36
704.1657971600698,17.2
0.016014273065195275,14.44
0.32052057560898845,0.0
1014.6661906440432,10.88
1107.0642317181555,20.19026495156628
0.0039660195863828,17.08
0.006855621483315255,22.6
0.005625435980781002,24.24
0.0,0.0
0.04130712662233535,7.76
0.00837152108123669,6.08
0.03172878230451881,16.76
0.008131866884495976,14.44
1217.4084079077911,20.12
0.0,0.0
1120.536306963082,13.6
0.035910719361413226,18.04
2.3506630417904006E-4,23.52
0.009708830822578387,12.72
3.511738009613151E-4,15.16
552.954487965493,0.0
2233.3140288900804,6.0
306.12441760577036,18.683963107081556
199.2829776891819,18.16237301094451
1123.1583864179963,17.566706221897967
1483.0639383239843,13.442213815908985
0.0,0.0
686.1202926987158,16.480230323357993
0.01454536121109376,14.08
198.16617980109612,17.36
0.007613844184951789,12.72
0.03437782281094375,15.52
0.0,0.0
160.36657830989108,2.6
0.01923682208206319,19.2
1.1071675385885058,19.88
208.46834335797473,22.6
1326.0379243935643,13.44
0.0,0.0
0.003140952215802197,15.8
3.511738009613151E-4,15.16
0.0033493689662001617,10.44
0.0,0.0
0.0282651966552698,11.56121629600046
0.03559997609135358,15.52
0.0034921260167635254,10.44
3803.2938640419093,0.0
1382.8984474237527,7.0
0.04139310736274471,23.16
0.004165532428448301,19.56
0.07281184986196176,24.240155163447458
1217.4268070646933,20.12
0.10507037546237197,21.09423981523465
0.006542128518982916,19.2
0.0,0.0
1346.745481099322,25.284607232285826
0.022269932663569598,25.04
0.005906503878262057,19.32
0.006931781950138492,17.24
0.0,0.0
1762.8567548098852,11.265495464631922
0.0020453296360207042,37.12
0.0921871504365373,37.0
0.012169312079605223,25.04
1683.350563289627,17.72262098709565
0.08950349361944698,0.0
129.19346729514905,13.56
561.1822967140265,6.32070981446479
248.98332644179138,19.20146017849958
0.0,0.0
0.15109965631979344,6.72
2513.8941441500965,17.733035937582883
0.029957181289232655,20.4
0.15225636720345934,17.28
0.0,0.0
947.386190420518,7.92
0.07087016248654948,8.924826839685284
0.00394522745811031,19.32
0.02797948375570605,20.4
0.0,0.0
0.0019535767861689314,11.36
0.0056375823907672444,19.12
0.005304928605850545,26.2
0.0,19.96
0.016613951866775237,0.0
906.7980198020344,8.48
0.010239716667027533,14.6
0.006091802795106528,19.12
4.5020478203439086E-5,19.56
0.0,0.0
0.003031778588441844,10.72
0.15686942016697242,15.0
0.14581138774423513,17.28
0.0,0.0
887.5395774437637,16.93088859791485
8.163590742618632,15.2
0.0704542058043622,24.4
0.00593957851587324,29.12
8.563297335045061E-4,26.92
0.005484576640070957,26.2
0.01351523845087737,17.48
0.0,0.0
8.991467648411911E-4,6.68
4.483640729020372E-6,31.04
1.3248103555143841E-4,19.96
0.02309793480148161,18.12
0.010351131352562623,16.68
0.0,0.0
0.023033140848637567,7.64
0.0,14.0
1.529012317584575E-4,19.56
0.008048137630387423,18.12
0.0,0.0
0.0029054279670751924,15.64
609.171026170418,5.920082331535095
0.012115070104657342,25.2
0.026692386276731636,15.44
1.4313767153975934,21.68
0.0,0.0
0.6052632347730845,1.8
0.025589321255031,15.44
119.89400539030767,14.56
0.029197870501502448,16.92
818.9560943416814,0.0
396.91234390719495,2.48
1.0966050495942314,17.48
0.023539173438953457,16.68
2120.4374398284303,0.0
25.558533579120407,17.96
779.2230021333438,25.869135345996636
692.5103863247493,23.201261316705637
1.4311229845628013,21.68
588.038175394564,17.96
0.0,0.0
0.004635711602241186,26.52
2.0846141429320132E-4,21.76
5.564944159018819E-4,16.48
0.0,22.88
0.0017258300098798684,14.52
111.6008283999371,19.200088243805748
0.0,0.0
433.78871077818815,9.68
0.001025053538547715,7.2
0.0481322266858189,14.04
199.8954629965606,19.0
78.16626450286586,0.0
149.5899005140585,14.66078237987102
0.002120171236438252,26.52
433.8319094956166,14.04
0.012557837531996031,17.56
0.0,0.0
0.5290931639669098,19.0
440.7219494133659,14.200045018534079
199.369573376773,15.60003676959697
1.2757524346318697E-4,18.72
0.0,0.0
0.0,21.76
562.3126626898476,17.576458255840162
4.895273737718247E-4,14.2
0.006487162188498013,17.16
0.0,0.0
1118.3667598666086,14.12
296.4563201561012,15.160171562308832
0.003861346534082,19.72
0.0,0.0
292.40031229011845,10.36
593.8764153738059,17.96
1319.8104063483843,19.722230203216956
590.2481889959838,20.922081306989963
0.0,0.0
0.08417684393908045,23.4
360.98336111138957,17.68
5.392379642110285E-4,15.88
0.003068191906963436,15.28
1371.4302932671228,0.0
1642.763157016002,6.098047541770063
0.0011524932361501694,15.60003676959697
0.009582513659892189,20.92
473.3002355056991,17.68
0.016379217295959137,16.56
0.0,0.0
0.07233779710357381,6.328883462504607
0.01212563714624487,14.08
360.9931795659366,15.88
896.1110481667679,15.071558765778315
0.0,0.0
5.251217948089469E-5,18.72
0.0012487693492014462,17.92
6.158694074732009E-4,15.96
8.363954678148994E-4,15.8
0.0,0.0
625.0177009670964,17.184549818705065
2.2279810207652245E-5,17.92
225.7700741035772,15.704695051340249
5.6584294091075066E-5,16.04
552.8353562721708,0.0
85.66766600915741,11.28
491.65832775417687,15.960932179822922
306.3974464872232,17.4
1.509708850131769E-4,19.76
289.53999999999934,0.0
0.0022016806461597578,15.633938471688339
306.3986882013759,17.4
3.050977407586946E-5,15.96
6.973266760048957E-5,18.0
0.0,0.0
1440.6353842333506,8.69272374051263
0.017989526545606434,10.28
908.135943915449,15.280834731711115
500.2325238893549,17.161107570159675
867.655168504463,0.0
211.6988770565258,16.56
9.426371724455182E-4,15.8
715.1901908412377,17.164632962440834
8.975208908187598E-4,19.24
0.0,0.0
0.003232556751284542,7.24
0.007687887395140032,9.12
2.8137180504080863E-4,19.24
0.007910265363677288,17.4
0.0,0.0
342.7596313110554,9.920005192407599
0.006872108285292904,19.76
147.87450195370803,19.24
216.096712632252,17.56
1851.0967183350238,0.0
822.0052746501892,26.542421518088407
1.5946000128117313E-4,22.56
0.0019411901208748713,19.0
984.5769146378107,15.346658663347851
1717.306666999995,0.0
8.933508851630229E-4,10.04
495.1484660889538,14.646234226096556
841.4647746428274,22.560706695863654
198.5124602199173,20.88000606228544
0.0,0.0
4.1105057479382657E-4,1.48
0.002531536657664254,19.0
0.0024541082939892257,22.24
0.0,14.52
0.0,0.0
0.13711961566541536,2.3600555012684437
4.787957892835733E-4,19.24
0.0012262353414675142,20.88
0.0,22.24
0.0,0.0
620.376958054686,23.52
0.01797092989787521,15.32
0.01008220451407673,18.44
0.001539287555058995,24.16
0.0,0.0
631.2089385350215,2.702176905974236
1.1224812424721729E-4,14.52
0.01108176413467619,18.44
68.36161767345519,31.8
720.823333299997,0.0
0.0024352867358351724,11.64
0.010960244937313386,17.4
2.485610051461745E-4,15.16
0.0031476488389963397,21.582350916017976
0.0,0.0
0.0015046111215456224,5.64
2.3110030710159172E-4,17.56
0.0014935668992654223,17.16
9.22007551803988E-5,16.64
0.0,0.0
623.7716721074783,11.184385590331491
0.0017710798435576441,15.16
1125.8797264363707,15.483893100903858
0.0,23.52
0.0,0.0
548.3495673853048,4.680422955797021
1.3296371160967136E-4,17.16
2.839455312631061E-4,14.92
0.0,25.92
506.9264875752908,0.0
3.9335545978902604E-4,16.32
4.329197794837513,2.2
0.0011070791508368857,18.72
0.0,16.72
795.0411573362402,0.0
655.4936803616336,20.20089497154064
0.0031476488389963397,21.582350916017976
496.5848841541974,18.730671996599597
890.8217059527329,17.28
0.0,0.0
1116.243460763207,2.597259985710954
2.470539638333987E-4,16.72
0.002142228081249714,19.0
0.0023796454537862244,15.36
1522.6433329999984,0.0
0.0011283091866785954,15.37353394657433
890.820450865994,17.28
0.0016860786325935244,19.0
67.688883807232,18.48
0.0,0.0
145.79030400178354,29.92
654.8459450668888,12.561914357394738
22.600260436507728,15.720022929499278
0.0,41.24
167.4574674706006,41.66180373206114
156.24682282631537,40.0
0.0,0.0
363.80315427338525,18.88
319.2889467985495,14.882130742092968
353.30818139604224,15.96
757.5151570846959,15.659829637480463
73.85615715119559,0.0
319.318897044625,15.3127897956005
353.3109612264305,14.678489661069804
106.01135669403482,16.079265223222976
198.3729766364586,14.879084578060777
0.0,0.0
0.0,15.96
801.4800033954778,15.32
8.735186662400905E-4,14.64
0.0,17.08
0.0,0.0
2.5177713970043687E-5,15.96
1.431059594874723,15.32
0.08196854040422692,17.16
0.0011428213752901152,18.0
987.5604020225313,0.0
0.007606236638523425,12.56
9.39557903303134E-4,25.6
0.013249059992676851,17.28
10.450349447507424,16.0
0.0,0.0
0.0,27.48
8.094916964026647E-4,15.64
0.015739069933489908,17.28
639.8639964624472,16.362741284302327
0.0,0.0
0.01699880925335136,8.0
987.5514466751589,16.0053349601109
0.0038444554005847655,18.12
548.7180028118706,17.480058035014846
0.0,0.0
0.08397430335796381,14.64
9.515671434154806E-4,16.36
0.0038028761878095493,18.12
1150.428325175268,16.721388825846642
2886.7533330000056,0.0
2129.6556326804966,19.19134094589229
0.01570704398616977,13.6
0.010836706315023007,18.76
0.0,0.0
1796.1921244170528,5.0985222457549035
0.006695170162201557,11.88
419.38147430118795,17.36
0.01830305295621718,13.6
0.0,0.0
714.2911615616034,5.44
0.004497402814851621,17.24
0.012931092740328892,18.76
0.008129539266451616,16.0
0.0,0.0
0.001502864078574531,9.8
12.525294985402576,12.16
744.5969337060495,11.093979684032918
0.005803907453685842,16.0
0.0,0.0
446.65766161986977,17.08
0.04495938125760525,18.0
0.025227318281542507,14.92
0.08135010029203893,16.76
0.0,0.0
2.2296040493131758E-4,17.16
446.7836023894637,18.0
0.01973206297606288,15.64
0.0,0.0
0.0037231360307090947,12.16
0.02542194454372173,14.92
396.84710032019194,14.01028833757828
0.017224516289062096,15.280222057576273
0.0,0.0
3.5836498337755784E-4,14.0
4.3362019254385706E-4,15.64
0.0,0.0
2.4115711020993163E-4,6.84
8.585297801109225E-5,17.48
0.003639166487800025,17.68
239.29280855970242,20.08
0.0,0.0
2.4078544105312144E-4,16.72
1.7408569348852923E-4,16.76
4.355709148460675E-4,17.68
0.0,21.28
0.0,0.0
1160.2555512156152,8.819090438684924
0.038012310014881825,20.08
375.1158607132992,16.0
0.002381097549179229,19.32
459.1886609374359,0.0
336.67173788937293,11.6
0.018034374925304575,15.280222057576273
0.0,21.28
375.1134278618284,16.0
0.04198337682639192,0.0
0.025397164048367504,9.68
0.07598715967677823,9.6
0.008211802637001393,16.0
0.03741259942699089,16.88
0.0,0.0
1232.411525651609,9.978845133557737
0.009289030531102374,16.0
0.04539411774124357,16.88
702.4654197750694,20.682665964282936
0.0,0.0
390.877383246389,7.52032537626098
720.104728716434,2.0
21.47124770441035,17.121906173301984
1.623224754246242,20.52
4601.577124011786,0.0
0.15084696878021703,8.496931883847118
1162.8856624097955,2.48
0.01422672781334448,20.68
0.012743161008906358,17.12
2820.4470932037607,0.0
1927.7492780125121,4.240529489038674
0.00238393035302603,15.960015887770698
296.88260153626703,18.52
0.0055161825643168,22.0
431.4233332999986,0.0
0.0021333141503944164,15.960015887770698
0.0015418025259310289,17.24
6.239893600191197E-6,16.8
1193.3003606621571,0.0
129.25216585523648,18.52
0.001999648103658362,15.8
167.63670136471717,15.88
0.0044750063965086325,15.8
0.0,0.0
0.0011340540439241506,17.24
765.6511842586848,15.8031814824225
2.318947680605883E-4,17.28
9.912431297916526E-4,18.68
0.0,0.0
572.2720903171496,1.8
0.0,19.32
0.013448401296071315,16.36
1038.6562796687238,14.64
0.0,0.0
0.009641352658193407,4.36
0.003346785904334364,22.0
1042.2591231640663,16.364633235849553
1.193524673162513E-5,20.4
0.0,0.0
36.90143520272844,6.92
1372.5478167672889,14.64
448.25038907056916,14.02022255059608
125.09242660142742,17.720114835664912
617.9635227547909,0.0
0.0060898299727703085,15.88
167.6269936187964,20.4
448.25392271869174,14.02022255059608
2.082209728204157,18.2
0.0,0.0
1620.678180346325,10.772168563367119
0.0017063210017125958,20.52
1.8361791218619554E-4,17.16
151.56845236017568,16.72
0.0,0.0
0.006863525999069502,16.72
3.350345128197504E-4,19.52
676.5569056837821,17.16
7.984759754066856E-4,18.2
2373.3572578298576,0.0
0.0032837278012748964,8.08
0.046511772874269365,16.92
413.6254124658177,16.7329727863629
524.9897987977844,16.56
0.0,0.0
362.02838992390963,9.8
0.002988970559278006,12.32
676.5646882768712,18.2
1075.3270382205137,16.569005410633068
0.0,0.0
132.13948108371625,17.56
427.48651706370754,6.963717419280584
0.006208091543762099,11.16
4.5953228404971877E-4,16.48
0.0,0.0
3.033598237349217E-4,11.600000088597554
0.0,27.84
0.0,27.96
0.0,80.16
0.0,0.0
106.61004573178965,2.12
1.9257556601017965E-4,27.84
106.61004573178965,21.96
0.0,23.68
7.233726724732058E-7,30.76
0.0,0.0
6.521621508234913E-4,22.88
0.0033975991994592888,20.44
0.003844136595671843,14.08
0.0,0.0
106.61004573178965,21.96
3.047936139509346E-6,16.36
404.2014714935312,12.76000542400117
2020.5558207194604,0.0
197.74713164247447,10.48
147.86324419565454,29.92
0.0033975991994592888,20.44
113.4304540318009,17.12
0.0,0.0
113.42995963806378,4.2
0.0,23.68
0.0,16.36
4.974416731847308E-4,17.12
0.0,27.08
0.0,0.0
3.033598237349217E-4,27.960000013346917
0.0,26.64
0.0,27.8
0.0,54.44
0.0,0.0
0.0,25.44
0.0,26.64
213.85742545381814,21.440172205563737
120.94955131384037,21.12075485235672
0.0,26.48
0.0,0.0
165.0832335168697,7.48
1.849180799646336E-5,20.68
0.0,27.08
4.361267027046505E-5,16.36
1028.000581228643,17.800305483883005
0.0,0.0
49.51055000846215,11.92
63.92389999321037,21.44
0.0011639667667876583,16.36
205.35142199345785,15.62247370545312
0.0,0.0
3.5464835650952584E-4,15.96
0.004369267162849226,17.8
0.001317307650607068,14.92
0.0033130344637282865,15.16
0.0,0.0
120.94965572064123,21.130152899877494
205.35237639505846,15.603696442136167
1.7243553035158348E-4,14.92
299.04376704130385,15.801184571976629
0.0,0.0
3.033598237349217E-4,27.800000022638955
134.3634675344512,26.320025843402124
67.9631991655479,28.28
125.48079538847773,37.00322768989183
230.63152785565157,0.0
2.6558769193611656E-6,26.48
0.0,26.32
1.5572288224392917E-6,21.64
3.488616148997043E-5,22.001244708424213
0.0,28.12
0.0,0.0
198.36921558935128,15.70309309985482
0.008243478304436261,15.160497470931812
1.3162263848459836E-4,17.12
462.0126406091684,16.06796715587734
0.0,0.0
9.344775858922071E-4,15.8
3.8251291217082055E-5,21.68782579953821
51.78776984245506,17.12
296.6126394498388,16.32
0.0,0.0
38.90426438445034,18.0
0.0013227860868774597,16.1334095968745
284.0707064562047,16.00008625780872
446.6571024462125,14.965284085744521
0.0,0.0
2.6558769193611656E-6,22.0
0.0,16.32
0.0,16.0
0.0,17.56
0.0,0.0
67.9631991655479,6.16
0.0,28.28
0.0,26.96
0.0,37.52
0.0,0.0
0.0,19.2
67.96319735764689,28.12
0.0,26.96
0.0,22.84
45.945129502278114,21.04
0.0,0.0
446.6766294911823,15.64
711.3099490424105,15.005985394080708
284.77774659982964,16.0
1.545566282047666E-4,16.72
243.49587356051617,0.0
1.8346366972349484E-4,17.56
45.945129502278114,22.84
284.7775711322722,16.0
279.5281958016089,17.20011309447465
329.263999081463,0.0
4.0695770148466387E-4,13.4
3.5836498337755784E-4,15.64
7.404858979640385E-5,16.72
8.796634989121809E-6,17.96
0.0,0.0
0.001244663690037986,13.160132043244808
0.0,21.04
0.0,17.2
8.548297052890788E-6,17.96
0.0,0.0
68.8299436751585,21.12
61.62862087219925,39.36
5.632484138392897E-5,27.280001133865873
0.0,31.76
238.9116811514629,0.0
211.33638380022848,12.040074146516494
97.72203815302345,27.280004607270335
158.49887798543514,23.84
0.0,23.6
2.3489044665077614E-5,27.8
68.07725063001612,0.0
0.054255736362470545,2.6023617470657765
1.633721729754527E-4,16.8
1.443507231786447E-4,15.64
536.5502684603022,19.52038826822638
925.2258590889853,0.0
864.0484218309429,2.1784410719678964
158.49862962625906,23.84
2.4949619883515633E-4,15.64
0.0,20.76
0.0,0.0
0.0,17.28
5.021597242179241E-4,19.52
0.0,18.68
55.13178139594362,26.64
0.0,0.0
0.0,23.6
0.0,20.76
0.0,18.68
0.0,21.44
141.62274485105328,0.0
173.60688319798828,17.1303716576757
0.0,21.52
0.0,34.48
31.95659980782784,14.08
78.48756920201126,32.96
112.3373295161086,0.0
106.4506601028357,20.28
236.82338090086063,16.44048480941781
90.84066919699623,13.5210216648941
2.4648301574711535E-5,23.360028121459937
0.0,0.0
21.385171536359,17.12
436.934452299999,16.445617437516404
9.016234473564127E-5,16.037591679935424
0.0,30.36
0.0,0.0
71.51020147521488,13.5210216648941
55.393771840120365,16.28
1.5326934930405574E-5,27.08
8.921883537434951,15.2
201.14333329999968,0.0
0.0,21.52
81.12337589148355,16.085378561231728
8.929887569265039E-5,16.28
490.69998714210504,14.962062730340055
0.0,0.0
292.66550685266503,5.760237318538298
154.08612795485243,27.083673694615364
0.0014627541033869673,28.44
190.4982955582476,30.480009075110097
266.295709038509,24.4406525854328
1.0297627727991325E-4,26.04
0.0,35.76
0.0,38.84
524.8399999999989,0.0
331.03642547103726,28.440235998671383
730.9745391576076,15.32056802234027
0.0,24.96
0.0,0.0
0.0,30.48
5.295289712203996E-4,15.204691326803228
2.686128031575455E-5,19.0
416.8586636113342,0.0
44.00000000000002,34.48000382916592
301.13127057820935,18.641436909321726
6.245723043432539E-5,19.36
567.6014816922345,28.36
71.72823486810064,15.92
287.1336492783725,0.0
64.31563202898053,15.2
182.43951230251687,18.093196471537674
5.151678602157092E-4,15.4
2.6110901060849453E-4,17.88
0.0,0.0
0.0,14.96
0.0020123354404964384,18.64
458.32623051093805,18.1152339435553
0.0,19.68
0.0,0.0
4.5080154383732345E-4,15.4
0.0,21.28
568.1240941207202,16.40170779531056
5.005510425328648E-4,14.600014669148086
0.0,0.0
0.0,19.36
1.2682354681271214E-4,19.68
0.0,21.28
6.245723043432539E-5,16.36
0.0,0.0
0.0,10.28
0.0,24.44
0.0,17.44
0.0,19.48
120.68333329999994,0.0
606.4128215995241,6.721880798760074
61.816118196271255,26.040031303755722
2.794584504847208E-4,17.88
207.43998182783494,14.84681799763413
877.1508546242222,0.0
0.0015479838467732953,3.76
7.847294156285617E-4,17.44
0.0030067589442572124,18.68297145366007
655.0682093608137,13.8
0.0,0.0
387.99425597881856,11.44
579.05661750074,16.40469828978456
207.43998182783494,14.84681799763413
2.523869052850748,15.493863390090594
0.0,0.0
3.297439251460269E-5,19.0
593.6550143227311,19.4844805754912
1584.4313695385472,18.082605029111367
0.0,0.0
798.9351480734739,18.91246820323282
3.297439251460269E-5,18.08
133.48422886145582,19.32
0.0,0.0
8.374291490287657E-4,28.36
1.1685119461625674E-4,17.72
3.3803830263513066E-5,18.8
0.0,29.92
567.60079491811,14.84
0.0,0.0
4.878047071505806E-4,14.6
209.98508773519168,15.50915595420704
0.0029932000735955117,15.48
0.0011535275990362255,16.28
251.21511865089792,0.0
1.2682354681271214E-4,16.36
1.1685119461625674E-4,17.72
209.98502935163495,15.50915595420704
0.0,14.36
0.0,0.0
0.0026806873873245884,15.48
1.6700566539448817E-5,14.52
4.983726941743239E-4,18.52
0.0029932000735955117,14.4
0.0,0.0
3.3803830263513066E-5,18.8
5.982759982391601E-6,14.36
0.0,14.52
7.683697367383541E-5,15.28
726.0776490477388,0.0
507.975382309137,3.48
399.0648031355549,13.8
416.50265208933223,16.760526721020387
40.817282633435696,79.24036506092506
0.0,0.0
3.339946279585505E-5,15.44125656324401
152.62151167750622,16.28
548.9709057876454,16.8517615462876
543.9390157513417,18.8
0.0,0.0
23.86523674893558,2.4
28.33071429615867,18.271985407416555
627.3034586017136,17.66938201481557
5.164535163870535E-4,16.52
1310.1466670000013,0.0
0.0,18.52
272.4436854461747,18.8
28.33546571965251,17.114437213887662
0.0205515615072418,16.04
0.0,0.0
373.45947912215905,16.80642356258515
2.6037309118319807,19.32
1327.8800536236913,14.64
0.0,0.0
700.2143981342045,16.32
1214.6347513101543,14.641737095833365
0.015019559492645251,18.32
884.19,0.0
0.0,40.6
0.0,29.92
9.606346593829375E-4,25.778534818892027
125.46037785725014,20.76
4.418764193540078E-4,14.36
0.0,0.0
0.0031957606480383736,14.4
201.3510079270262,15.161061392099416
154.28559095568858,18.16
11.827923655323215,20.842379973309356
0.0,0.0
159.80312121916683,15.280295249987914
230.77808027450288,26.03925415325772
9.042123997691792E-4,15.160044321406978
106.49108270402411,16.2
0.0,0.0
872.5263789137321,15.52
0.9539482300263732,18.16
0.003195963502968794,15.76
154.28810966892402,15.6
0.0,0.0
0.012837439671830356,15.32
0.008369357521327024,20.76
231.94250891143494,16.2
0.00696506155451071,15.76
0.0,0.0
668.4666671029094,5.249149122005702
3.5596232672801224E-4,16.52
229.9485790002339,16.2
0.0017929382958333279,13.52
0.0,0.0
23.886124801585414,16.04
176.49477505618648,20.843099229465246
51.796468722741025,16.2
0.9722511543024953,16.04
0.0,0.0
182.83072737543282,10.48
0.01818649530459782,19.88
154.28831404335443,13.52
1058.3255812211044,15.25500027516316
0.0,0.0
0.008955064232285292,19.04
0.9598112948974661,15.6
0.016575417751512278,16.04
1434.4515187694767,15.284416033921447
0.0,0.0
0.0037133188698016857,14.88
0.014107703594127129,18.32
1019.7835088267698,18.64003078893345
8.179993577283997E-4,15.12
0.0,0.0
656.2702002343625,11.08
0.0,42.56
228.29163511270698,18.64
1.1664976655191297E-4,20.72
0.0,0.0
2.9311048391857315E-4,5.92
0.002104160630876584,10.6
791.4914364477266,15.120051787567483
1.4721297272254558E-4,20.72
152.7446440477411,0.0
0.0,28.36
93.97340579246274,34.1600102298111
239.53807385928047,54.08058994678262
0.0,31.72
0.0,0.0
0.0,28.36
0.0,27.04
0.0,27.04
0.0,29.76
0.0,0.0
0.0,27.04
146.20379702713433,28.08
0.0,28.48
69.56383160764958,32.96
149.23737174605506,38.00000010273275
0.0,0.0
194.01916060613956,28.08
124.24755777503314,19.76
22.890807529228972,22.12
0.0,22.72
84.44256091506459,39.92000710129495
50.37110939124411,36.00002182579545
0.0,0.0
31.956562417736922,14.08
68.2676131739213,19.76
55.97997315271769,30.92
8.838484530277106E-6,29.4
136.33670625105262,0.0
79.77023633280838,34.16000012789633
106.65552239189167,28.12
0.0,27.84
85.01494479023265,36.96
0.0,0.0
0.0,27.04
94.01190272492572,28.12
90.85999999999972,27.840056219422962
126.12117003155598,27.560003478374856
0.0,0.0
0.0,28.48
0.0,27.84
0.0,24.12
0.0,22.96
0.0,28.12
0.0,0.0
55.98003264162292,22.120254961513567
1.1041936833142923E-5,17.56002434320732
0.0,13.52
165.44206855584824,14.0
110.27333329999973,0.0
163.33074804032327,22.72
0.0,24.12
70.74961430161277,17.562314806670777
0.0,13.8
629.0566666999971,0.0
323.5118439769742,13.52
0.0,18.48
567.8888832338059,13.72330389776819
59.92081716418834,15.943020084783399
0.0,0.0
0.0,22.96
0.0,13.8
0.0,18.48
388.82288969999854,14.609887497187104
208.52073930371415,0.0
639.3288791311871,15.92
0.0,30.92
83.6401977315902,14.000156180765455
4.342476964702309E-4,13.688225766913012
0.0,31.96
526.0798815740231,0.0
146.00539499754404,27.84
0.0,27.84
106.73165690460091,28.12
75.7282246694216,34.800623567642006
0.0,0.0
177.7342170345894,27.560029547402454
12.643619666966096,27.84
126.10539085498363,28.12
69.44668588547293,29.64
31.3548891671053,0.0
0.0,28.12
126.10539085498363,28.12
145.8533843968694,23.200311085410032
0.0,22.84
0.0,29.32
371.68062401660916,0.0
0.8381281272754596,15.92
1.364190691408601E-4,14.369095486888975
1.271054964721447E-4,17.56
239.84942145500312,13.34663686191461
0.0,0.0
0.0,14.6
5.1096869140021896E-5,23.2
2.188377380665258E-4,14.369095486888975
358.43101667635585,14.636146534769889
0.0,0.0
0.0,17.56
4.502364349340081E-5,14.64
1.271054964721447E-4,13.84
0.0,17.92
362.8412510389519,0.0
0.0,22.84
3.73950254322657E-5,14.6
297.6998683307021,14.641078022168285
66.42221340313654,14.4
195.5317061139938,0.0
1.5065502487976974E-4,14.84
0.0,31.96
566.7634437049169,13.24
8.241866892566743E-5,13.84
0.0,49.56
0.0,0.0
70.70886974876505,38.32000065390103
106.73165690460091,28.12
0.0,28.36
0.0,99.68
118.10666669999983,0.0
234.74768153350257,19.133252189639013
69.44668588547293,29.64
95.8859836140321,28.360034720688116
88.43786905356184,27.84
0.0,0.0
0.0,30.76
0.0,29.32
88.43786905356184,27.84
0.0,23.6
0.0,22.96
950.9712537179273,0.0
9.427427177866023E-5,17.92
49.02369194661565,14.4
0.002969785205329951,15.2
5.195361998467493E-4,13.76
0.0,0.0
66.42211912886461,14.4
0.0,23.6
49.023783896324055,14.4
115.44581340004363,15.24
0.0,0.0
0.004049761350282765,14.08
0.0031099241836213616,15.2
79.57228210963314,23.44
347.9163209362658,14.486286308931104
0.0,0.0
404.2014745414672,12.76000542400117
102.57333257662722,22.9603812422451
115.44581107548022,15.24
79.57228210963314,23.44
0.0,0.0
7.778465935785606E-6,42.56
4.451368913562758E-4,14.36
0.0,49.56
3.817217850223743E-4,13.76
0.0,14.48
242.90565200516463,0.0
0.005466249526300305,15.8
3.1896457552432343E-4,16.68
207.11215141521924,15.8
450.01287790056244,14.84
84.29333332999992,0.0
0.0,18.68
2.6757228804916914E-4,16.68
18.390462913764416,16.04
0.0,25.96
0.0,0.0
207.11423817586754,15.8
221.02530136740995,15.36
53.92977502474489,15.24
57.288208681860915,15.48
0.0,0.0
18.3894202783471,16.04
189.39111646173308,15.36
32.273852961486575,15.56
134.4900139282057,25.881270034461497
0.0,0.0
1.7399409253893036E-4,5.56
280.06826865049254,5.76
0.0048898163111924286,17.72
555.8543240697156,15.04
461.2645935643801,0.0
2.0821135251326,18.2
450.01183377533124,14.84
555.8553390824602,15.04
1.5079165561230574E-4,15.8
0.0,0.0
153.81795745917105,15.36
445.92612668522986,9.225278396156254
0.0,22.88
0.0037674735138856215,14.320868275457773
238.299877323224,0.0
0.004949125575165142,2.44
53.93088011533038,15.24
2.5476097508784692E-5,15.8
2.755719153560628E-4,15.6
0.0,0.0
123.56966665288962,2.96
354.02337525760146,15.480293589886903
108.83888774157445,16.48
8.84852942570905E-4,14.04
0.0,0.0
0.6386306699434929,15.56
108.83890083241052,16.48
31.63522229154291,17.04
8.550281238302542E-6,25.32
0.0,0.0
156.20352979472216,1.3600511804847428
31.636107144485475,14.04
144.45169691626836,14.080170563673756
251.57560080807335,15.160570511874043
0.0,0.0
0.0,17.04
0.0,14.08
2.3968860401753216E-5,19.0
33.8902711395373,22.64
354.48333329999974,0.0
795.1240429819396,14.416043128843436
110.18973827832696,15.8
861.8864072653433,14.924582834897459
3.058568797259266E-5,17.56
0.0,0.0
61.63419292981233,13.44
1.781939066208571E-4,15.6
110.18973827832696,15.8
2.755719153560628E-4,15.8
370.1166666999996,0.0
861.8866729933596,14.924582834897459
331.81666101296406,15.801795647761205
106.30146804552389,15.360439420518219
569.8589443729674,16.497386971932027
0.0,0.0
136.43477747518835,16.04
1.781939066208571E-4,15.8
0.001837825294818681,15.8
471.00431220394427,20.04
0.0,0.0
0.0030549396102868215,14.52
404.52031392259465,16.052726380257397
0.0,14.72
5.2893721134343615E-5,17.4
0.0,0.0
0.002320254248683811,19.2
4.036609885354355E-5,17.56
150.8995768647266,14.720071556768552
2.746032046725094E-4,15.760076612409808
0.0,0.0
0.0,15.96
3.87689566036889E-6,17.4
0.0,15.96
8.340349521021343E-5,15.36
92.22141773415566,0.0
1.0873973822031148E-4,15.36
7.840265469179752E-5,15.760076612409808
0.0,15.96
5.870326699831365E-5,14.543877263827534
0.0,0.0
0.0,14.6
0.0,5.32
0.0,15.16
3.6489842854852805E-4,21.24
274.2119973530996,0.0
125.98773535102207,11.4
28.963258289245598,19.0
0.001045654861558831,16.44
0.0,23.84
0.0,0.0
9.630627963339778E-4,2.8800589329163646
205.54195894379134,14.721306527525723
72.73843548791812,23.88
0.0,0.0
0.001045654861558831,5.08
0.001045654861558831,16.44
0.0013255846706750896,25.16
0.0,0.0
554.0187722306044,10.8
925.7687258944386,16.74144739223533
0.005749685313070532,19.56
117.81449112874485,18.04
2993.00738165954,0.0
307.6570772157251,8.04
471.00605833826575,20.04
3.6489842854852805E-4,21.24
0.004001469238772884,19.56
0.0,0.0
197.36403314527482,11.4
18.48563530477058,14.92
70.51081743941704,15.400028776386971
0.0,27.84
378.83140350115224,0.0
307.6549209114028,9.64
228.70498882182616,14.721306527525723
0.0,14.92
35.33488785995269,25.36
0.0,0.0
3.87689566036889E-6,15.36
0.0,15.16
4.456834185532929E-6,19.76
0.0,14.44
161.78999999999962,0.0
161.78305727850585,7.72
246.24850319693098,14.543877263827534
0.04238597067025453,18.04
0.0,15.16
0.0,0.0
3.87689566036889E-6,19.76
70.47843099726488,15.600273396113987
1.9350717559122973E-5,15.8
202.8948650264948,25.52
0.0,0.0
0.03295125017072678,9.8
88.98454112089047,15.400028776386971
70.47843099726488,15.600273396113987
0.0,25.6
439.71757752440675,0.0
85.6621297946209,5.92
248.4229781732612,16.64006334251804
265.0843974452281,15.6
97.52422187075251,16.723629791361205
133.47810894744862,0.0
1.362336637125762E-4,18.0
295.97325435333806,14.44103884033618
265.0844846737761,15.6
6.307351491021443E-4,15.600367181807274
0.0,0.0
1.246490181484038E-4,14.92
9.541699805755829E-4,16.72
107.77594773712288,17.0
2.596094261309041E-5,25.8
0.0,0.0
65.44024296924844,15.8
7.055180318350844E-4,15.600367181807274
107.77601889563692,17.0
5.491554073216694E-5,24.000000439961582
0.0,0.0
4.307489680242873E-5,30.88
107.27261815458097,8.370166793205877
97.46679932334825,23.88211955688276
58.50096355846505,31.44
73.4099550730569,28.560001535979218
75.24800181592484,0.0
0.0,27.84
40.01354091090838,25.36
35.33667520273892,31.44
92.07837567048753,30.68
0.0,30.08
0.0,0.0
137.454640828025,25.52
18.48563530477058,25.6
73.59274036571661,30.68
48.265400142456436,30.48
109.0169533497725,33.160000004001446
14.447634940717023,0.0
1.910514944527066E-4,22.36
34.27398633514329,25.800000333777074
4.5468546602889077E-8,24.0
0.07624711133351204,30.48
7.51435055992746,29.0
0.0,0.0
257.66467858930946,7.480019318427274
5.263387175962072E-6,23.52
0.0,25.92
24.620059908953714,28.52000027665821
108.74340583897656,25.800002502490965
87.87587784002423,29.440000000664977
120.27447901691427,0.0
407.14526798199205,15.36039159995158
5.455738380502128E-5,19.2
5.865524209429653E-4,14.680000470162435
143.18641945098793,13.52
0.0,0.0
67.68886844386338,18.48
0.0,28.52
0.0,19.2
67.69505310348079,16.44
0.0,0.0
78.02354103526785,14.680004967219341
41.68887468243279,13.960002886553571
7.447223907368191E-4,15.4
48.965612137046016,24.32
87.29265346373654,0.0
30.576988683986055,25.8
74.96868104377414,16.44
45.60141074448712,13.960004132874843
29.36196636336,23.08
0.0,0.0
7.003461334443874E-4,41.24
55.38307453206353,13.520000433010635
53.741735831470194,15.4
90.25795166099888,36.12
106.66906291980011,33.32
7.483611413915855E-7,23.88
0.0,0.0
1.9661234180327173E-4,6.68
81.86626047645382,23.52
81.86644942994522,29.64
40.403382576931314,31.96
135.31323181587535,0.0
0.0,30.08
135.31312375879546,29.640000141713752
32.028547851991675,30.48
4.734747402578446E-5,28.280000051170045
100.73750043580007,0.0
106.74921551242552,33.16000004236397
54.311881181991616,30.48000001391688
174.2876319435133,29.84
0.0,29.56
0.0,0.0
152.62327243464765,9.640000150306005
24.765421858728086,29.0
177.37656077616694,29.840000009458205
6.120592430734698E-5,30.68
40.49666666999999,0.0
94.72763312007281,20.84000316618614
68.60928802899815,29.44
25.40304125442546,32.68
2.1217866061966574E-7,36.84
84.865885529157,0.0
32.62170610875902,24.32
26.841713210717376,23.08
25.40246640143152,32.68
18.864734225674255,18.76
0.0,33.32
0.0,0.0
113.1126834408976,36.12000002197104
0.0,18.76
0.0,36.24
44.45460536724293,26.28
20.74624582124351,38.44
0.0,0.0
0.0,18.0
12.895252016699372,21.60001994395002
109.03646381061482,33.88
170.58572538833164,30.0
20.96,0.0
5.500632459657194E-5,28.280000051170045
163.57312282176397,33.88004495614057
0.0,28.2
103.03931323519718,35.92
0.0,0.0
0.0012951769763034533,31.76
60.65870482302365,26.9600001335275
0.0,34.44
0.0,93.4
206.10333937403269,0.0
60.65872734224819,27.800000090337
0.0,26.96
0.011357492017285932,28.08
0.0,49.28
743.0997232545965,0.0
55.13178320059845,26.64
0.0,21.44
0.0,25.96
8.678654267704901E-6,25.88
0.01135652219715001,28.08
0.0,41.48
174.94666048164999,32.920118416914185
0.0,0.0
0.0,34.44
0.0,29.56
0.0,27.48
139.2699999999994,0.0
0.0,49.28
203.69666309407933,41.48211592689857
0.0,29.56
5.93785247325943E-6,28.08
0.0,33.16
0.0,0.0
2.164111733671582E-5,25.32
95.8467843113403,22.640162779675396
278.5366596728541,32.920760887670724
2.331931810957028E-6,28.08
62.854803736749076,31.84
0.0,0.0
0.0,27.48
0.0,31.12
0.0,0.0
0.0,33.16
0.0,31.12
0.0,27.76
0.0,31.48
0.0,0.0
0.0013255846706750896,23.44
62.85347815207832,23.84
0.0,25.16
0.0013255846706750896,31.84
0.0,27.76
0.0,0.0
138.58351119838073,13.8
0.0,30.8
0.0,0.0
152.94648333299955,9.400048223320724
0.0,31.48
0.0,30.8
0.0,27.24
0.0,0.0
120.85908825242485,8.840066902389871
0.0,28.56
0.0,27.24
0.0,32.68
287.14867410264765,0.0
83.25627649924698,17.400002406245576
0.0,30.84
0.0,32.48
0.0,0.0
262.2139626780537,23.502281232923476
37.43826061062045,30.840413718102393
0.0,30.48
145.20780325240935,31.16
0.0,0.0
40.403382576931314,31.96
0.0,32.68
92.38147446059038,30.480864578723676
76.86325697036077,31.76
0.0,0.0
145.20780325240935,32.48
0.015254236542609063,31.12
0.0,31.48
0.0,0.0
135.86852553940943,31.160044320003184
151.30972415595176,31.120000102510634
14.693312861918628,31.20000000558428
177.51224548940255,28.04
0.0,0.0
8.539811794887938E-5,9.921973382200497
51.97806473095122,31.76
143.6978871042683,31.2
134.42013094010727,28.360000071652486
0.0,0.0
0.0,31.48
0.0,30.8
12.533333329999982,0.0
190.00604072785862,15.6800000036273
58.699530156462956,28.04
0.0,30.8
0.0,0.0
143.71112276871813,12.72
0.0,28.36
0.0,31.44
0.0,0.0
97.33417597936717,25.480003893673594
0.0,29.56
0.0,28.2
106.61019354212424,33.2
0.0,0.0
521.5608413443256,4.202221122782719
0.0,30.68
3.0126510457988E-6,27.360053805123528
92.0748175930597,27.2
0.0,0.0
2.1217866061966574E-7,36.84
3.0126510457988E-6,27.360053805123528
30.08665949135343,31.56
0.0,27.48
181.77963597503395,0.0
1.9175064640847173E-7,33.32
27.189999808249357,36.24000001160583
30.08665949135343,31.56
0.0,27.76
124.5029766754312,30.04
102.4460873143574,0.0
127.11806688972061,30.0
43.4676584986106,31.44
124.3218570266685,34.3600155246378
0.0,0.0
103.03931323519718,35.92
222.30332986734106,30.080199947889074
16.798143671249804,33.04
202.69477104438525,0.0
43.765404034995065,30.08
0.009267022677245109,35.48
333.52135409859784,22.52
9.886664377775103,28.72
0.0,0.0
104.86788674651326,33.2
452.8242138242299,27.20510939245148
358.54302033189464,21.383207745582695
0.0,0.0
0.0,27.48
0.0,31.28
0.0,29.92
0.0,45.52
0.0,0.0
0.0,27.76
0.0,31.28
0.0,42.52
0.0,0.0
103.49185702666861,34.36
0.0,30.04
2.2892248614975687E-6,0.0
113.74606950359615,33.04
1.6723947059576357E-5,35.48
0.0,30.04
2.2892248614975687E-6,36.92000084658877
88.36854604693896,0.0
1.682922002427489E-4,5.2250762231909915
246.46934294275732,22.52
529.4334430674528,21.383207745582695
0.0,26.4
0.0,0.0
126.62732972135575,25.96
6.120961007819599E-4,15.996771821769343
0.0,29.92
58.95768380697538,22.4
0.0,0.0
36.13666666999992,11.120045510162678
0.0,28.72
87.05201115584092,36.92
1.9100963612130102E-5,26.4
0.0,0.0
58.95768380697538,22.4
58.95768380697538,31.56
58.95768380697538,0.0
0.0,45.52
58.95768380697538,31.56
0.0,0.0
534.7976423565889,14.53611311502111
0.0012080610102827172,32.08
0.001467605956383263,16.84
1.0316174484700503E-4,24.16
0.0,31.8
145.79630321660804,41.44
0.0,0.0
9.792405242668612E-4,10.44
503.34361284078966,35.84
4.476620586782816E-4,24.56
1137.0338361411332,5.6
5.9175071226259444E-5,21.56
0.0,0.0
262.25927605637753,13.0
2.489649693731438E-4,32.56
1968.0491507574684,0.0
487.16198317013743,36.48
266.65761128566095,45.08
368.26177922640267,40.01956702431489
0.0026761705269918125,33.32
366.4254102031293,38.72
61.170891599988614,28.4
1724.892698504766,0.0
0.026704479763220285,6.48
0.0,32.56
427.59645555317246,38.72
206.40703469160687,30.520156385530623
2.0892798341068446E-4,45.92
26.828079887846716,59.12
0.0,0.0
2.254024909851236E-6,23.88
0.0,26.28
3.686692822817214E-4,28.4
105.62549471320665,31.04
7.483611413915855E-7,44.24
692.5736249486976,0.0
123.50530325302488,10.2
0.0010414221727307494,30.52
3.686692822817214E-4,31.04
0.0,45.68
0.0,49.28
0.0,0.0
6.034855536443518E-4,17.56
2.0892798341068446E-4,45.92
0.0,39.32
0.0,0.0
100.26751560446128,38.44000172221569
124.5029766754312,30.04
0.0,42.52
0.0,44.24
39.132601494938655,28.12
284.2179501773193,0.0
2.7024370506033296E-4,21.04
148.1084641271288,45.68024118578053
189.7038705597947,28.12000130434032
24.689999999999955,0.0
99.66775997328793,6.560000378956736
0.0,49.28
0.0,39.32
465.8766666999988,0.0
2.4066780375505313E-7,13.8
0.0,80.16
0.0,54.44
125.48109874830136,37.00414433122243
0.0,37.52
30.04302972950848,99.68
0.0,93.4
0.0,0.0
74.06097302102614,15.84
6.497910018935587,54.08
0.0,36.96
0.0,34.8
0.0,87.44
0.0,0.0
0.0,87.44
0.0,31.36
52.003937928275704,0.0
0.0,31.72
0.0,31.36
85.80544724753155,30.56
112.82698385754179,0.0
81.83999999999992,29.7602002565218
146.20387665815318,32.96
85.80544724753155,30.56
0.0,32.56
76.27335282545005,0.0
18.988629783545967,38.0
175.5124405997525,40.05766889905228
76.64004505050359,32.56
16.885548440271204,31.56
0.0,0.0
118.05656476395494,36.0
0.0,29.4
76.64006454595385,31.561343684422575
3.7390090736471016E-5,27.52
0.0,40.72
0.0,0.0
65.56486585373162,32.96005582024923
291.8760740383709,30.360386819284443
0.0,27.52
0.0,28.56
0.0,0.0
1.1292000895132138E-4,15.674100943669332
19.33051532264268,23.36
0.0,35.76
0.0,28.56
1127.7066669999977,0.0
1.1857443458277227E-4,19.36929054437894
0.0,38.84
724.145639045572,25.16336419683723
0.0,0.0
0.0,35.92
0.0,0.0
0.0,40.72
0.0,0.0
0.0,27.72
178.2624699046416,0.0
161.3333332999998,25.16001703829549
0.0,0.0
0.0,31.12
0.0,0.0
0.0,63.84
167.62602763561182,0.0
167.62602763561182,25.24
469.9943852686819,0.0
499.9999999999993,37.28232902957101
39.46703516692041,0.0
79.16141321784689,59.121064288226194
116.58175619242705,0.0
195.2626321074241,23.72
0.0,0.0
0.0,23.84
