init_node,term_node,capacity,length,free_flow_time
1,547,49500,0.86267,0.0
2,548,49500,0.86267,0.0
3,549,49500,0.86267,0.0
4,550,49500,0.86267,0.0
5,551,49500,0.86267,0.0
6,552,49500,0.86267,0.0
7,553,49500,0.86267,0.0
8,554,49500,0.86267,0.0
9,555,49500,0.86267,0.0
10,556,49500,0.86267,0.0
11,557,49500,0.86267,0.0
12,558,49500,0.86267,0.0
13,559,49500,0.86267,0.0
14,560,49500,0.86267,0.0
15,561,49500,0.86267,0.0
16,562,49500,0.86267,0.0
17,563,49500,0.86267,0.0
18,564,49500,0.86267,0.0
19,565,49500,0.86267,0.0
20,566,49500,0.86267,0.0
21,567,49500,0.86267,0.0
22,568,49500,0.86267,0.0
23,569,49500,0.86267,0.0
24,570,49500,0.86267,0.0
25,571,49500,0.86267,0.0
26,572,49500,0.86267,0.0
27,573,49500,0.86267,0.0
28,574,49500,0.86267,0.0
29,575,49500,0.86267,0.0
30,576,49500,0.86267,0.0
31,577,49500,0.86267,0.0
32,578,49500,0.86267,0.0
33,579,49500,0.86267,0.0
34,580,49500,0.86267,0.0
35,581,49500,0.86267,0.0
36,582,49500,0.86267,0.0
37,583,49500,0.86267,0.0
38,584,49500,0.86267,0.0
39,585,49500,0.86267,0.0
40,586,49500,0.86267,0.0
41,587,49500,0.86267,0.0
42,588,49500,0.86267,0.0
43,589,49500,0.86267,0.0
44,590,49500,0.86267,0.0
45,591,49500,0.86267,0.0
46,592,49500,0.86267,0.0
47,593,49500,0.86267,0.0
48,594,49500,0.86267,0.0
49,595,49500,0.86267,0.0
50,596,49500,0.86267,0.0
51,597,49500,0.86267,0.0
52,598,49500,0.86267,0.0
53,599,49500,0.86267,0.0
54,600,49500,0.86267,0.0
55,601,49500,0.86267,0.0
56,602,49500,0.86267,0.0
57,603,49500,0.86267,0.0
58,604,49500,0.86267,0.0
59,605,49500,0.86267,0.0
60,606,49500,0.86267,0.0
61,607,49500,0.86267,0.0
62,608,49500,0.86267,0.0
63,609,49500,0.86267,0.0
64,610,49500,0.86267,0.0
65,611,49500,0.86267,0.0
66,612,49500,0.86267,0.0
67,613,49500,0.86267,0.0
68,614,49500,0.86267,0.0
69,615,49500,0.86267,0.0
70,616,49500,0.86267,0.0
71,617,49500,0.86267,0.0
72,618,49500,0.86267,0.0
73,619,49500,0.86267,0.0
74,620,49500,0.86267,0.0
75,621,49500,0.86267,0.0
76,622,49500,0.86267,0.0
77,623,49500,0.86267,0.0
78,624,49500,0.86267,0.0
79,625,49500,0.86267,0.0
80,626,49500,0.86267,0.0
81,627,49500,0.86267,0.0
82,628,49500,0.86267,0.0
83,629,49500,0.86267,0.0
84,630,49500,0.86267,0.0
85,631,49500,0.86267,0.0
86,632,49500,0.86267,0.0
87,633,49500,0.86267,0.0
88,634,49500,0.86267,0.0
89,635,49500,0.86267,0.0
90,636,49500,0.86267,0.0
91,637,49500,0.86267,0.0
92,638,49500,0.86267,0.0
93,639,49500,0.86267,0.0
94,640,49500,0.86267,0.0
95,641,49500,0.86267,0.0
96,642,49500,0.86267,0.0
97,643,49500,0.86267,0.0
98,644,49500,0.86267,0.0
99,645,49500,0.86267,0.0
100,646,49500,0.86267,0.0
101,647,49500,0.86267,0.0
102,648,49500,0.86267,0.0
103,649,49500,0.86267,0.0
104,650,49500,0.86267,0.0
105,651,49500,0.86267,0.0
106,652,49500,0.86267,0.0
107,653,49500,0.86267,0.0
108,654,49500,0.86267,0.0
109,655,49500,0.86267,0.0
110,656,49500,0.86267,0.0
111,657,49500,0.86267,0.0
112,658,49500,0.86267,0.0
113,659,49500,0.86267,0.0
114,660,49500,0.86267,0.0
115,661,49500,0.86267,0.0
116,662,49500,0.86267,0.0
117,663,49500,0.86267,0.0
118,664,49500,0.86267,0.0
119,665,49500,0.86267,0.0
120,666,49500,0.86267,0.0
121,667,49500,0.86267,0.0
122,668,49500,0.86267,0.0
123,669,49500,0.86267,0.0
124,670,49500,0.86267,0.0
125,671,49500,0.86267,0.0
126,672,49500,0.86267,0.0
127,673,49500,0.86267,0.0
128,674,49500,0.86267,0.0
129,675,49500,0.86267,0.0
130,676,49500,0.86267,0.0
131,677,49500,0.86267,0.0
132,678,49500,0.86267,0.0
133,679,49500,0.86267,0.0
134,680,49500,0.86267,0.0
135,681,49500,0.86267,0.0
136,682,49500,0.86267,0.0
137,683,49500,0.86267,0.0
138,684,49500,0.86267,0.0
139,685,49500,0.86267,0.0
140,686,49500,0.86267,0.0
141,687,49500,0.86267,0.0
142,688,49500,0.86267,0.0
143,689,49500,0.86267,0.0
144,690,49500,0.86267,0.0
145,691,49500,0.86267,0.0
146,692,49500,0.86267,0.0
147,693,49500,0.86267,0.0
148,694,49500,0.86267,0.0
149,695,49500,0.86267,0.0
150,696,49500,0.86267,0.0
151,697,49500,0.86267,0.0
152,698,49500,0.86267,0.0
153,699,49500,0.86267,0.0
154,700,49500,0.86267,0.0
155,701,49500,0.86267,0.0
156,702,49500,0.86267,0.0
157,703,49500,0.86267,0.0
158,704,49500,0.86267,0.0
159,705,49500,0.86267,0.0
160,706,49500,0.86267,0.0
161,707,49500,0.86267,0.0
162,708,49500,0.86267,0.0
163,709,49500,0.86267,0.0
164,710,49500,0.86267,0.0
165,711,49500,0.86267,0.0
166,712,49500,0.86267,0.0
167,713,49500,0.86267,0.0
168,714,49500,0.86267,0.0
169,715,49500,0.86267,0.0
170,716,49500,0.86267,0.0
171,717,49500,0.86267,0.0
172,718,49500,0.86267,0.0
173,719,49500,0.86267,0.0
174,720,49500,0.86267,0.0
175,721,49500,0.86267,0.0
176,722,49500,0.86267,0.0
177,723,49500,0.86267,0.0
178,724,49500,0.86267,0.0
179,725,49500,0.86267,0.0
180,726,49500,0.86267,0.0
181,727,49500,0.86267,0.0
182,728,49500,0.86267,0.0
183,729,49500,0.86267,0.0
184,730,49500,0.86267,0.0
185,731,49500,0.86267,0.0
186,732,49500,0.86267,0.0
187,733,49500,0.86267,0.0
188,734,49500,0.86267,0.0
189,735,49500,0.86267,0.0
190,736,49500,0.86267,0.0
191,737,49500,0.86267,0.0
192,738,49500,0.86267,0.0
193,739,49500,0.86267,0.0
194,740,49500,0.86267,0.0
195,741,49500,0.86267,0.0
196,742,49500,0.86267,0.0
197,743,49500,0.86267,0.0
198,744,49500,0.86267,0.0
199,745,49500,0.86267,0.0
200,746,49500,0.86267,0.0
201,747,49500,0.86267,0.0
202,748,49500,0.86267,0.0
203,749,49500,0.86267,0.0
204,750,49500,0.86267,0.0
205,751,49500,0.86267,0.0
206,752,49500,0.86267,0.0
207,753,49500,0.86267,0.0
208,754,49500,0.86267,0.0
209,755,49500,0.86267,0.0
210,756,49500,0.86267,0.0
211,757,49500,0.86267,0.0
212,758,49500,0.86267,0.0
213,759,49500,0.86267,0.0
214,760,49500,0.86267,0.0
215,761,49500,0.86267,0.0
216,762,49500,0.86267,0.0
217,763,49500,0.86267,0.0
218,764,49500,0.86267,0.0
219,765,49500,0.86267,0.0
220,766,49500,0.86267,0.0
221,767,49500,0.86267,0.0
222,768,49500,0.86267,0.0
223,769,49500,0.86267,0.0
224,770,49500,0.86267,0.0
225,771,49500,0.86267,0.0
226,772,49500,0.86267,0.0
227,773,49500,0.86267,0.0
228,774,49500,0.86267,0.0
229,775,49500,0.86267,0.0
230,776,49500,0.86267,0.0
231,777,49500,0.86267,0.0
232,778,49500,0.86267,0.0
233,779,49500,0.86267,0.0
234,780,49500,0.86267,0.0
235,781,49500,0.86267,0.0
236,782,49500,0.86267,0.0
237,783,49500,0.86267,0.0
238,784,49500,0.86267,0.0
239,785,49500,0.86267,0.0
240,786,49500,0.86267,0.0
241,787,49500,0.86267,0.0
242,788,49500,0.86267,0.0
243,789,49500,0.86267,0.0
244,790,49500,0.86267,0.0
245,791,49500,0.86267,0.0
246,792,49500,0.86267,0.0
247,793,49500,0.86267,0.0
248,794,49500,0.86267,0.0
249,795,49500,0.86267,0.0
250,796,49500,0.86267,0.0
251,797,49500,0.86267,0.0
252,798,49500,0.86267,0.0
253,799,49500,0.86267,0.0
254,800,49500,0.86267,0.0
255,801,49500,0.86267,0.0
256,802,49500,0.86267,0.0
257,803,49500,0.86267,0.0
258,804,49500,0.86267,0.0
259,805,49500,0.86267,0.0
260,806,49500,0.86267,0.0
261,807,49500,0.86267,0.0
262,808,49500,0.86267,0.0
263,809,49500,0.86267,0.0
264,810,49500,0.86267,0.0
265,811,49500,0.86267,0.0
266,812,49500,0.86267,0.0
267,813,49500,0.86267,0.0
268,814,49500,0.86267,0.0
269,815,49500,0.86267,0.0
270,816,49500,0.86267,0.0
271,817,49500,0.86267,0.0
272,818,49500,0.86267,0.0
273,819,49500,0.86267,0.0
274,820,49500,0.86267,0.0
275,821,49500,0.86267,0.0
276,822,49500,0.86267,0.0
277,823,49500,0.86267,0.0
278,824,49500,0.86267,0.0
279,825,49500,0.86267,0.0
280,826,49500,0.86267,0.0
281,827,49500,0.86267,0.0
282,828,49500,0.86267,0.0
283,829,49500,0.86267,0.0
284,830,49500,0.86267,0.0
285,831,49500,0.86267,0.0
286,832,49500,0.86267,0.0
287,833,49500,0.86267,0.0
288,834,49500,0.86267,0.0
289,835,49500,0.86267,0.0
290,836,49500,0.86267,0.0
291,837,49500,0.86267,0.0
292,838,49500,0.86267,0.0
293,839,49500,0.86267,0.0
294,840,49500,0.86267,0.0
295,841,49500,0.86267,0.0
296,842,49500,0.86267,0.0
297,843,49500,0.86267,0.0
298,844,49500,0.86267,0.0
299,845,49500,0.86267,0.0
300,846,49500,0.86267,0.0
301,847,49500,0.86267,0.0
302,848,49500,0.86267,0.0
303,849,49500,0.86267,0.0
304,850,49500,0.86267,0.0
305,851,49500,0.86267,0.0
306,852,49500,0.86267,0.0
307,853,49500,0.86267,0.0
308,854,49500,0.86267,0.0
309,855,49500,0.86267,0.0
310,856,49500,0.86267,0.0
311,857,49500,0.86267,0.0
312,858,49500,0.86267,0.0
313,859,49500,0.86267,0.0
314,860,49500,0.86267,0.0
315,861,49500,0.86267,0.0
316,862,49500,0.86267,0.0
317,863,49500,0.86267,0.0
318,864,49500,0.86267,0.0
319,865,49500,0.86267,0.0
320,866,49500,0.86267,0.0
321,867,49500,0.86267,0.0
322,868,49500,0.86267,0.0
323,869,49500,0.86267,0.0
324,870,49500,0.86267,0.0
325,871,49500,0.86267,0.0
326,872,49500,0.86267,0.0
327,873,49500,0.86267,0.0
328,874,49500,0.86267,0.0
329,875,49500,0.86267,0.0
330,876,49500,0.86267,0.0
331,877,49500,0.86267,0.0
332,878,49500,0.86267,0.0
333,879,49500,0.86267,0.0
334,880,49500,0.86267,0.0
335,881,49500,0.86267,0.0
336,882,49500,0.86267,0.0
337,883,49500,0.86267,0.0
338,884,49500,0.86267,0.0
339,885,49500,0.86267,0.0
340,886,49500,0.86267,0.0
341,887,49500,0.86267,0.0
342,888,49500,0.86267,0.0
343,889,49500,0.86267,0.0
344,890,49500,0.86267,0.0
345,891,49500,0.86267,0.0
346,892,49500,0.86267,0.0
347,893,49500,0.86267,0.0
348,894,49500,0.86267,0.0
349,895,49500,0.86267,0.0
350,896,49500,0.86267,0.0
351,897,49500,0.86267,0.0
352,898,49500,0.86267,0.0
353,899,49500,0.86267,0.0
354,900,49500,0.86267,0.0
355,901,49500,0.86267,0.0
356,902,49500,0.86267,0.0
357,903,49500,0.86267,0.0
358,904,49500,0.86267,0.0
359,905,49500,0.86267,0.0
360,906,49500,0.86267,0.0
361,907,49500,0.86267,0.0
362,908,49500,0.86267,0.0
363,909,49500,0.86267,0.0
364,910,49500,0.86267,0.0
365,911,49500,0.86267,0.0
366,912,49500,0.86267,0.0
367,913,49500,0.86267,0.0
368,914,49500,0.86267,0.0
369,915,49500,0.86267,0.0
370,916,49500,0.86267,0.0
371,917,49500,0.86267,0.0
372,918,49500,0.86267,0.0
373,919,49500,0.86267,0.0
374,920,49500,0.86267,0.0
375,921,49500,0.86267,0.0
376,922,49500,0.86267,0.0
377,923,49500,0.86267,0.0
378,924,49500,0.86267,0.0
379,925,49500,0.86267,0.0
380,926,49500,0.86267,0.0
381,927,49500,0.86267,0.0
382,928,49500,0.86267,0.0
383,929,49500,0.86267,0.0
384,930,49500,0.86267,0.0
385,931,49500,0.86267,0.0
386,932,49500,0.86267,0.0
387,933,49500,0.86267,0.0
388,390,3500,12.0468,11.09
388,391,3500,6.3571800000000005,5.98
388,708,2000,1.8136599999999998,2.9
388,802,2000,4.4261800000000004,4.78
389,390,1000,4.70056,4.34
389,801,2500,7.509689999999999,9.58
389,914,2500,3.3019,3.96
390,388,3500,12.0468,11.09
390,389,1000,4.70056,4.34
390,925,3500,7.0602100000000005,6.93
391,388,3500,6.3571800000000005,5.98
391,392,3500,4.5587,4.22
391,709,3000,1.2693299999999998,0.53
391,715,3000,4.7163699999999995,6.36
392,391,3500,4.5587,4.22
392,393,3500,2.70059,2.55
392,713,1000,1.675,1.05
392,717,1000,1.60466,2.98
393,392,3500,2.70059,2.55
393,394,5000,3.1116,3.42
393,712,3500,2.70953,2.62
393,716,3500,0.6130399999999999,1.87
394,393,5000,3.1116,3.42
394,395,5000,2.25782,2.42
394,584,500,4.77245,4.97
394,601,500,0.56239,1.75
395,394,5000,2.25782,2.42
395,396,5000,3.35722,3.65
395,584,3500,3.8738599999999996,3.88
395,600,3500,0.8296899999999999,1.36
396,395,5000,3.35722,3.65
396,397,5000,1.95295,2.11
397,396,5000,1.95295,2.11
397,398,5000,2.17728,2.36
397,588,3000,2.501,3.02
397,604,3000,1.10476,1.28
398,397,5000,2.17728,2.36
398,399,5000,0.62803,0.72
398,400,6500,1.9558099999999998,2.11
398,403,8000,2.806,3.06
399,398,5000,0.62803,0.72
399,537,5000,3.9343800000000004,4.28
399,604,7000,1.6992599999999998,3.32
399,609,7000,1.364,0.88
400,398,6500,1.9558099999999998,2.11
400,401,5000,3.4555300000000004,4.09
400,587,500,1.00973,0.88
400,609,500,2.50769,6.72
401,400,5000,3.4555300000000004,4.09
401,402,5000,1.5004,1.69
401,585,6000,1.00047,1.7
401,590,6000,2.22043,1.81
402,401,5000,1.5004,1.69
403,398,8000,2.806,3.06
403,404,6500,3.00452,3.26
403,606,1500,1.2031100000000001,2.84
403,611,1500,1.9289900000000002,2.07
404,403,6500,3.00452,3.26
404,405,5000,0.9170299999999999,1.05
404,675,5500,1.54319,3.14
404,680,5500,1.61045,1.27
405,404,5000,0.9170299999999999,1.05
405,406,5000,2.18666,2.53
405,488,5000,0.95285,1.01
406,405,5000,2.18666,2.53
406,407,5000,3.05061,3.31
406,677,3000,0.8206700000000001,2.0
406,682,3000,2.2044599999999996,2.45
407,406,5000,3.05061,3.31
407,408,5000,2.9438400000000002,3.25
407,687,6500,0.8206700000000001,1.71
407,692,6500,2.4559599999999997,2.47
408,407,5000,2.9438400000000002,3.25
408,409,5000,1.9144700000000001,2.17
408,689,2000,1.04948,2.19
408,694,2000,2.10339,2.11
409,408,5000,1.9144700000000001,2.17
409,410,5000,3.58034,3.93
409,538,5000,1.40829,1.47
409,539,5000,2.5547299999999997,2.86
410,409,5000,3.58034,3.93
410,411,3500,2.99149,2.72
410,690,2000,2.81196,2.9
410,700,2000,0.63686,1.09
411,410,3500,2.99149,2.72
411,412,3500,2.93815,2.73
411,685,6000,2.91909,3.04
411,695,6000,0.63686,1.04
412,411,3500,2.93815,2.73
412,413,3500,2.87283,2.61
413,412,3500,2.87283,2.61
413,414,3500,2.80865,2.62
413,730,4000,3.17024,3.35
413,734,4000,0.62208,0.65
414,413,3500,2.80865,2.62
414,415,3500,4.37375,4.1
414,731,3500,3.2006099999999997,3.29
414,735,3500,0.63686,0.54
415,414,3500,4.37375,4.1
415,416,3500,6.15496,5.67
415,727,3500,4.24465,4.8
415,733,3500,1.75633,3.01
416,415,3500,6.15496,5.67
416,417,3500,5.594069999999999,5.15
416,726,2000,2.04509,1.54
416,732,2000,3.95137,5.28
417,416,3500,5.594069999999999,5.15
417,732,3500,8.19718,9.84
417,913,3500,3.12711,3.45
417,926,3500,6.52016,6.29
418,419,5000,5.5065800000000005,5.27
418,921,2000,2.33798,3.86
418,922,2000,4.2529699999999995,4.77
418,923,5000,10.3917,8.98
419,418,5000,5.5065800000000005,5.27
419,420,5000,4.81398,4.47
419,739,1500,3.4127300000000003,5.07
419,743,1500,1.62768,1.44
420,419,5000,4.81398,4.47
420,421,5000,2.9708900000000003,3.29
420,751,3000,2.501,2.57
420,752,3000,0.9068299999999999,1.68
421,420,5000,2.9708900000000003,3.29
421,422,5000,3.2519400000000003,3.53
421,753,2000,1.47413,0.94
421,754,2000,1.8350799999999998,2.86
422,421,5000,3.2519400000000003,3.53
422,423,5000,2.80865,3.11
422,762,1000,0.61,0.87
422,766,1000,3.05061,3.61
423,422,5000,2.80865,3.11
423,424,5000,3.09902,3.43
423,764,1000,0.6955100000000001,0.6
423,767,1000,3.49621,4.08
424,423,5000,3.09902,3.43
424,425,5000,3.0676400000000004,3.31
424,773,1000,0.682,1.3
424,777,1000,3.32995,3.72
425,424,5000,3.0676400000000004,3.31
425,426,5000,1.5359399999999999,1.71
425,775,2000,1.47539,2.62
425,779,2000,1.7360900000000001,1.48
426,425,5000,1.5359399999999999,1.71
426,427,3500,0.9548,1.11
426,441,5000,4.40258,4.82
427,426,3500,0.9548,1.11
427,428,3500,3.2421900000000003,3.5
427,594,7000,0.7446,1.43
427,779,7000,2.57432,2.65
428,427,3500,3.2421900000000003,3.5
428,429,3500,0.682,0.78
428,431,5000,0.9548,1.04
429,428,3500,0.682,0.78
429,430,3500,0.60078,0.63
429,593,6500,1.00047,2.39
429,778,6500,2.39692,2.77
430,429,3500,0.60078,0.63
431,428,5000,0.9548,1.04
431,432,5000,3.2208900000000003,3.52
431,593,4000,0.682,1.27
431,597,4000,2.4285400000000004,2.91
432,431,5000,3.2208900000000003,3.52
432,433,5000,2.37978,2.62
432,595,4500,1.66609,3.16
432,599,4500,1.56355,1.33
433,432,5000,2.37978,2.62
433,434,5000,2.01208,2.35
433,616,9500,2.79936,3.4
433,617,9500,0.7643300000000001,1.5
434,433,5000,2.01208,2.35
434,435,5000,2.6059200000000002,3.07
434,618,9000,3.17024,4.12
434,619,9000,0.63686,0.65
435,434,5000,2.6059200000000002,3.07
435,436,5000,1.78575,1.92
435,552,4500,1.3097299999999998,0.89
435,554,4500,1.76057,3.93
436,435,5000,1.78575,1.92
436,437,5000,2.75582,3.08
436,496,9000,0.95285,1.02
437,436,5000,2.75582,3.08
437,438,5000,3.79967,4.14
437,554,4000,1.037,0.62
437,556,4000,3.32156,7.18
438,437,5000,3.79967,4.14
438,439,5000,2.1959999999999997,2.4
438,535,6500,7.0909699999999996,8.17
438,536,5000,1.85925,2.11
438,540,3500,1.5065899999999999,1.68
439,438,5000,2.1959999999999997,2.4
439,440,5000,2.318,2.53
439,614,6000,2.33798,2.72
439,615,6000,0.7764,1.94
440,439,5000,2.318,2.53
440,441,5000,2.44076,2.63
440,612,2000,2.33798,2.64
440,613,2000,0.86267,1.88
441,426,5000,4.40258,4.82
441,440,5000,2.44076,2.63
441,591,6000,1.87122,3.19
441,596,6000,1.3097299999999998,0.72
442,443,3500,3.9287,3.59
442,898,500,6.25094,6.49
442,899,500,1.5444,2.78
442,929,3500,32.8818,6.31
443,442,3500,3.9287,3.59
443,444,3500,4.52881,4.45
443,897,500,1.00973,1.3
443,898,500,3.82164,3.98
444,443,3500,4.52881,4.45
444,445,3500,5.42934,5.0
445,444,3500,5.42934,5.0
445,446,3500,6.811539999999999,6.27
445,885,1000,4.73644,6.37
445,886,1000,1.64248,1.05
446,445,3500,6.811539999999999,6.27
446,447,3500,6.28774,5.78
446,858,8500,1.41882,2.41
446,859,8500,4.74469,5.21
447,446,3500,6.28774,5.78
447,448,3500,4.3224,3.98
447,848,4000,3.81335,5.59
447,849,4000,2.16185,1.87
448,447,3500,4.3224,3.98
448,449,5000,2.989,3.28
448,664,3500,2.75245,2.78
448,665,3500,0.65699,1.17
449,448,5000,2.989,3.28
449,450,5000,1.83,2.0
449,662,2000,2.63362,2.91
449,663,2000,0.682,1.41
450,449,5000,1.83,2.0
450,451,5000,1.3097299999999998,1.44
450,453,5000,4.05593,4.56
450,508,5000,3.51955,3.8
451,450,5000,1.3097299999999998,1.44
451,452,5000,2.00095,2.18
451,654,5000,2.00652,1.81
451,655,5000,1.2276,2.48
452,451,5000,2.00095,2.18
452,525,5000,2.1566799999999997,2.32
452,652,7000,2.16185,2.17
452,654,7000,1.13467,2.28
453,450,5000,4.05593,4.56
453,454,3500,9.13311,10.27
453,650,500,2.62016,2.82
453,841,500,0.7446,1.48
454,453,3500,9.13311,10.27
454,455,3500,2.99894,3.23
454,838,3000,1.98695,1.93
454,840,3000,1.2031100000000001,2.45
455,454,3500,2.99894,3.23
455,456,3500,2.92864,2.7
455,833,3000,2.1454299999999997,2.7
455,835,3000,1.18441,2.85
456,455,3500,2.92864,2.7
456,457,3500,3.1842900000000003,2.93
456,834,5500,1.96908,2.01
456,836,5500,1.13467,2.41
457,456,3500,3.1842900000000003,2.93
457,458,3500,1.5824799999999999,1.5
457,829,1000,3.05061,3.65
457,831,1000,0.682,0.72
458,457,3500,1.5824799999999999,1.5
458,459,5000,1.3708,1.43
458,467,3500,5.6173,5.17
458,468,3500,3.08879,2.91
459,458,5000,1.3708,1.43
459,460,3500,5.04681,4.66
459,832,2000,1.27372,1.27
459,845,2000,3.6380800000000004,7.72
460,459,3500,5.04681,4.66
460,461,3500,6.78445,6.3
460,872,3500,4.80508,5.86
460,875,3500,1.09969,2.21
461,460,3500,6.78445,6.3
461,462,3500,5.79725,5.39
461,874,2000,2.4285400000000004,2.35
461,877,2000,3.93675,5.87
462,461,3500,5.79725,5.39
462,873,1500,3.2610799999999998,3.45
462,876,1500,2.74025,4.35
462,927,3500,7.7268,7.78
463,464,3500,4.16322,3.9
463,928,3500,16.654,15.96
464,463,3500,4.16322,3.9
464,465,3500,7.80824,7.21
464,883,2000,2.78804,3.92
464,884,2000,3.36165,3.18
465,464,3500,7.80824,7.21
465,466,3500,6.00285,5.74
465,862,3500,4.47426,4.5
465,881,3500,1.54319,2.48
466,465,3500,6.00285,5.74
466,467,3500,5.7353,5.33
466,855,5000,2.10339,1.67
466,862,5000,3.97203,5.4
467,458,3500,5.6173,5.17
467,466,3500,5.7353,5.33
467,845,2500,2.2044599999999996,2.09
467,855,2500,3.7923199999999997,5.88
468,458,3500,3.08879,2.91
468,469,3500,3.1842900000000003,2.92
468,829,2500,1.66609,1.33
468,830,2500,1.5065899999999999,2.85
469,468,3500,3.1842900000000003,2.92
469,470,3500,2.9438400000000002,2.73
469,819,3000,0.65982,0.34
469,824,3000,3.54115,4.01
470,469,3500,2.9438400000000002,2.73
470,471,3500,4.14441,4.12
470,817,1000,0.6130399999999999,0.74
470,822,1000,3.19596,3.36
471,470,3500,4.14441,4.12
471,472,3500,3.17259,2.92
471,815,3000,3.2421900000000003,3.84
471,816,3000,0.65699,0.61
472,471,3500,3.17259,2.92
472,473,5000,1.5552,1.75
472,813,3000,1.87122,1.39
472,815,3000,1.4461,2.22
473,472,5000,1.5552,1.75
473,474,5000,2.98962,3.23
473,475,5000,2.92355,3.17
473,707,1000,3.8521900000000002,4.39
473,813,1000,0.7446,1.44
474,473,5000,2.98962,3.23
474,538,5000,2.99149,3.32
474,701,3500,0.8206700000000001,1.73
474,706,3500,2.41317,2.45
475,473,5000,2.92355,3.17
475,476,5000,1.5286600000000001,1.68
475,706,3500,2.51953,3.08
475,707,3500,1.17811,1.74
476,475,5000,1.5286600000000001,1.68
476,477,5000,3.3837099999999998,3.71
476,705,3500,2.28404,2.02
476,707,3500,1.18441,2.79
477,476,5000,3.3837099999999998,3.71
477,478,6500,2.29704,2.53
477,503,6500,0.7929999999999999,0.88
477,504,6500,0.87339,0.95
478,477,6500,2.29704,2.53
478,479,6500,3.01935,3.24
478,633,5500,1.97097,1.91
478,703,5500,1.31398,2.69
479,478,6500,3.01935,3.24
479,480,6500,1.17336,1.32
479,629,3000,2.2379599999999997,2.12
479,693,3000,0.96449,1.88
480,479,6500,1.17336,1.32
480,481,5000,1.29401,1.41
480,483,5000,1.525,1.68
480,484,5000,1.8013099999999997,2.13
480,486,6500,1.89493,2.03
481,480,5000,1.29401,1.41
481,482,5000,0.488,0.54
481,483,6500,1.09969,1.67
481,691,6500,2.30915,2.42
482,481,5000,0.488,0.54
483,480,5000,1.525,1.68
483,481,6500,1.09969,1.67
483,539,5000,3.07733,3.33
483,693,6500,0.682,0.5
484,480,5000,1.8013099999999997,2.13
484,485,5000,2.98962,3.26
484,627,6000,1.7360900000000001,1.98
484,629,6000,1.5286600000000001,3.65
485,484,5000,2.98962,3.26
485,489,5000,2.44,2.66
485,626,6500,1.75633,1.68
485,628,6500,1.364,2.84
486,480,6500,1.89493,2.03
486,535,6500,0.25151,0.29
486,627,6500,2.10339,2.22
486,691,6500,1.0670600000000001,2.4
487,488,5000,2.4039,2.65
487,535,6500,3.49621,4.12
487,681,3000,1.64248,1.36
487,682,3000,1.5065899999999999,3.04
488,405,5000,0.95285,1.01
488,487,5000,2.4039,2.65
488,680,2500,2.29623,2.97
488,682,2500,1.01524,2.77
489,485,5000,2.44,2.66
489,490,6500,0.9779,1.06
489,630,3500,1.72534,2.68
489,631,3500,1.7690000000000001,4.23
490,489,6500,0.9779,1.06
490,491,6500,2.39847,2.61
490,557,5000,2.43542,3.59
490,631,5000,1.19846,3.8
491,490,6500,2.39847,2.61
491,492,6500,2.63432,2.84
491,558,6500,2.34672,3.2
491,559,6500,0.73707,0.6
492,491,6500,2.63432,2.84
492,493,6500,0.9930100000000001,1.37
492,561,9000,2.19685,3.09
492,562,9000,0.73707,0.49
493,492,6500,0.9930100000000001,1.37
493,494,6500,1.9096,2.24
493,497,6500,1.40829,1.94
493,562,14500,0.57547,1.26
493,564,14500,1.82797,1.37
494,493,6500,1.9096,2.24
494,495,9000,2.5880099999999997,2.81
494,561,10000,0.67377,1.0
494,563,10000,2.2044599999999996,2.33
495,494,9000,2.5880099999999997,2.81
495,496,9000,2.3727400000000003,2.56
495,551,7000,3.26962,4.69
495,560,7000,0.6130399999999999,0.94
496,436,9000,0.95285,1.02
496,495,9000,2.3727400000000003,2.56
496,553,6000,1.46907,1.3
496,556,6000,0.9836,3.71
497,493,6500,1.40829,1.94
497,498,6500,0.5787,0.66
498,497,6500,0.5787,0.66
498,499,5000,1.25755,1.34
498,533,6500,1.2276,1.61
499,498,5000,1.25755,1.34
499,500,5000,2.6059200000000002,2.84
499,567,12500,1.525,1.56
499,569,12500,1.04948,2.32
500,499,5000,2.6059200000000002,2.84
500,501,5000,3.30809,3.61
500,566,4500,1.54319,1.82
500,570,4500,0.6709999999999999,1.36
501,500,5000,3.30809,3.61
501,502,5000,3.19188,3.49
501,571,5500,1.12478,2.49
501,636,5500,1.0670600000000001,0.62
502,501,5000,3.19188,3.49
502,503,6500,3.32995,3.87
502,632,1500,1.64248,1.67
502,634,1500,1.5859999999999999,3.91
503,477,6500,0.7929999999999999,0.88
503,502,6500,3.32995,3.87
503,504,7000,0.366,0.52
503,633,7000,3.05061,3.5
504,477,6500,0.87339,0.95
504,503,7000,0.366,0.52
504,505,6500,3.22839,3.51
504,635,7000,0.71138,0.45
505,504,6500,3.22839,3.51
505,506,6500,2.2338,2.42
505,634,6000,1.7940599999999998,1.48
505,639,6000,1.39235,2.42
506,505,6500,2.2338,2.42
506,507,5000,3.58034,3.92
506,639,5000,0.86267,1.8
506,644,5000,2.41317,2.59
507,506,5000,3.58034,3.92
507,508,5000,7.0739,7.86
507,578,1500,5.156569999999999,8.09
507,646,1500,0.2728,1.51
508,450,5000,3.51955,3.8
508,507,5000,7.0739,7.86
508,509,5000,1.89198,2.41
509,508,5000,1.89198,2.41
509,510,5000,2.98962,3.24
509,659,5000,1.09969,0.59
509,667,5000,2.16185,5.05
510,509,5000,2.98962,3.24
510,511,5000,0.244,0.3
510,658,4000,1.04948,0.37
510,666,4000,2.22043,4.08
511,510,5000,0.244,0.3
511,512,5000,2.074,2.21
511,521,5000,2.86765,3.12
511,522,5000,4.27174,4.7
512,511,5000,2.074,2.21
512,513,5000,3.42959,3.73
512,661,2000,1.09969,0.58
512,670,2000,3.42144,7.48
513,512,5000,3.42959,3.73
513,514,5000,4.8861,5.31
513,902,3500,3.14017,3.59
513,905,3500,5.8981,9.12
514,513,5000,4.8861,5.31
514,515,5000,4.02785,4.43
514,903,3000,2.5627299999999997,2.61
514,905,3000,6.7169300000000005,11.27
515,514,5000,4.02785,4.43
515,516,5000,5.28768,5.77
515,534,3500,1.49543,1.61
515,544,3500,0.305,0.29
515,932,5000,10.4426,5.93
516,515,5000,5.28768,5.77
516,517,3500,6.58828,6.07
516,903,6000,7.21375,8.96
516,906,6000,1.11981,1.62
517,516,3500,6.58828,6.07
517,518,3500,7.19102,6.64
517,908,2500,1.64248,2.55
517,909,2500,4.31335,4.39
518,517,3500,7.19102,6.64
518,911,3500,3.6273199999999997,5.26
518,912,3500,2.16614,1.64
518,930,3500,38.3558,9.32
519,520,5000,0.682,0.75
519,521,5000,2.50769,2.72
519,668,2000,0.35569,0.64
519,670,2000,3.21048,3.14
520,519,5000,0.682,0.75
521,511,5000,2.86765,3.12
521,519,5000,2.50769,2.72
521,666,1500,0.7929999999999999,0.55
521,670,1500,2.728,3.93
522,511,5000,4.27174,4.7
522,523,5000,5.70472,7.31
523,522,5000,5.70472,7.31
523,530,5000,2.074,2.24
523,545,5000,0.061,0.12
524,525,5000,2.94447,3.24
524,545,5000,3.715,4.42
524,578,5500,2.74568,4.67
524,647,5500,0.80233,1.58
525,452,5000,2.1566799999999997,2.32
525,524,5000,2.94447,3.24
525,652,5000,1.0670600000000001,2.57
525,657,5000,2.2379599999999997,2.51
526,527,3500,5.36835,6.01
526,528,5000,8.59494,9.84
526,541,3500,0.43988,0.44
526,546,3500,2.93815,3.23
527,526,3500,5.36835,6.01
527,542,3500,0.6130399999999999,0.65
527,543,3500,3.66203,3.97
527,546,3500,3.2467799999999998,4.24
528,526,5000,8.59494,9.84
528,529,6500,1.30546,1.43
528,573,4000,2.39148,5.67
528,575,4000,1.14609,0.88
529,528,6500,1.30546,1.43
529,530,6500,1.89493,2.05
529,531,6500,1.12478,1.22
530,523,5000,2.074,2.24
530,529,6500,1.89493,2.05
530,575,5000,2.5150900000000003,2.74
530,577,5000,0.8184,2.81
531,529,6500,1.12478,1.22
531,532,6500,1.403,1.65
531,573,3500,0.7446,3.42
531,574,3500,2.2495700000000003,2.95
532,531,6500,1.403,1.65
532,533,6500,1.2215200000000002,1.51
532,569,5000,1.45508,2.95
532,574,5000,1.7090900000000002,2.23
533,498,6500,1.2276,1.61
533,532,6500,1.2215200000000002,1.51
533,568,5000,1.4892,1.26
533,569,5000,0.8540000000000001,2.98
534,515,3500,1.49543,1.61
534,543,3500,2.95646,3.31
534,933,3500,6.10762,5.96
535,438,6500,7.0909699999999996,8.17
535,486,6500,0.25151,0.29
535,487,6500,3.49621,4.12
536,438,5000,1.85925,2.11
536,537,5000,2.94826,3.23
536,615,2000,1.74784,1.52
537,399,5000,3.9343800000000004,4.28
537,536,5000,2.94826,3.23
537,608,5500,2.693,3.31
537,610,5500,0.62208,0.81
538,409,5000,1.40829,1.47
538,474,5000,2.99149,3.32
538,699,8000,0.71138,0.45
538,704,8000,3.37435,4.18
539,409,5000,2.5547299999999997,2.86
539,483,5000,3.07733,3.33
539,694,5000,1.15095,0.62
539,704,5000,2.1419599999999996,4.88
540,438,3500,1.5065899999999999,1.68
540,583,3000,0.7421,0.56
540,622,3000,2.046,1.75
541,526,3500,0.43988,0.44
541,582,2500,2.91335,5.76
541,902,2500,3.77264,8.02
542,527,3500,0.6130399999999999,0.65
542,902,10500,2.16614,4.21
542,903,10500,4.21298,6.14
543,527,3500,3.66203,3.97
543,534,3500,2.95646,3.31
543,903,3500,0.9068299999999999,1.4
544,515,3500,0.305,0.29
544,903,5000,3.2826800000000005,5.39
544,904,5000,2.51953,3.25
545,523,5000,0.061,0.12
545,524,5000,3.715,4.42
545,577,4000,1.8350799999999998,3.61
545,580,4000,1.10476,1.5
546,526,3500,2.93815,3.23
546,527,3500,3.2467799999999998,4.24
547,1,49500,0.86267,0.0
547,548,3000,1.3378299999999999,3.26
547,549,4500,2.38213,4.89
547,621,5500,1.58365,2.89
548,2,49500,0.86267,0.0
548,547,3000,1.3378299999999999,3.26
548,550,7000,2.728,5.81
548,552,3000,2.43542,4.49
548,618,7500,1.95295,3.52
549,3,49500,0.86267,0.0
549,547,4500,2.38213,4.89
549,550,5000,1.57423,3.28
549,551,15500,3.1104,4.21
550,4,49500,0.86267,0.0
550,548,7000,2.728,5.81
550,549,5000,1.57423,3.28
550,551,7000,2.85204,5.18
550,552,2000,3.2656400000000003,7.77
550,553,3500,1.8461900000000002,3.92
550,560,3500,2.61945,5.4
551,5,49500,0.86267,0.0
551,495,7000,3.26962,4.69
551,549,15500,3.1104,4.21
551,550,7000,2.85204,5.18
551,563,20000,2.22043,3.08
552,6,49500,0.86267,0.0
552,435,4500,1.3097299999999998,0.89
552,548,3000,2.43542,4.49
552,550,2000,3.2656400000000003,7.77
552,553,8500,2.2112,4.56
552,618,5000,2.65122,4.34
552,619,9500,3.08699,4.8
553,7,49500,0.86267,0.0
553,496,6000,1.46907,1.3
553,550,3500,1.8461900000000002,3.92
553,552,8500,2.2112,4.56
553,560,7500,2.16185,3.97
554,8,49500,0.86267,0.0
554,435,4500,1.76057,3.93
554,437,4000,1.037,0.62
554,614,3500,3.02427,5.04
554,619,2500,2.7987,4.97
554,622,2000,3.7324800000000002,5.79
554,625,7000,1.84418,3.39
555,9,49500,0.86267,0.0
555,556,7500,3.06339,6.36
555,622,4500,3.13542,4.89
555,624,5500,1.6116,2.68
555,625,13500,1.10476,1.58
556,10,49500,0.86267,0.0
556,437,4000,3.32156,7.18
556,496,6000,0.9836,3.71
556,555,7500,3.06339,6.36
556,557,6500,2.86959,5.92
556,560,4500,2.63362,5.63
556,624,1000,3.8521900000000002,9.28
557,11,49500,0.86267,0.0
557,490,5000,2.43542,3.59
557,556,6500,2.86959,5.92
557,558,5000,1.8662400000000001,3.99
557,559,5500,2.69645,5.64
557,624,2000,4.44966,9.25
557,630,8500,1.7177799999999999,3.75
558,12,49500,0.86267,0.0
558,491,6500,2.34672,3.2
558,557,5000,1.8662400000000001,3.99
558,560,4000,1.98695,4.03
558,561,10000,2.3212099999999998,4.26
559,13,49500,0.86267,0.0
559,491,6500,0.73707,0.6
559,557,5500,2.69645,5.64
559,562,12000,2.63432,5.66
559,566,7500,2.13848,4.58
559,631,5000,3.2656400000000003,6.1
560,14,49500,0.86267,0.0
560,495,7000,0.6130399999999999,0.94
560,550,3500,2.61945,5.4
560,553,7500,2.16185,3.97
560,556,4500,2.63362,5.63
560,558,4000,1.98695,4.03
560,561,11000,2.45899,4.38
561,15,49500,0.86267,0.0
561,492,9000,2.19685,3.09
561,494,10000,0.67377,1.0
561,558,10000,2.3212099999999998,4.26
561,560,11000,2.45899,4.38
562,16,49500,0.86267,0.0
562,492,9000,0.73707,0.49
562,493,14500,0.57547,1.26
562,559,12000,2.63432,5.66
562,563,500,2.37587,5.61
562,567,12000,1.46907,3.21
563,17,49500,0.86267,0.0
563,494,10000,2.2044599999999996,2.33
563,551,20000,2.22043,3.08
563,562,500,2.37587,5.61
563,564,24000,1.50906,2.14
564,18,49500,0.86267,0.0
564,493,14500,1.82797,1.37
564,563,24000,1.50906,2.14
564,565,14000,1.48419,2.16
565,19,49500,0.86267,0.0
565,564,14000,1.48419,2.16
565,568,12000,1.5359399999999999,2.08
565,569,6500,3.0389999999999997,6.55
566,20,49500,0.86267,0.0
566,500,4500,1.54319,1.82
566,559,7500,2.13848,4.58
566,567,5000,2.5489,5.43
566,631,2000,2.89027,7.28
567,21,49500,0.86267,0.0
567,499,12500,1.525,1.56
567,562,12000,1.46907,3.21
567,566,5000,2.5489,5.43
568,22,49500,0.86267,0.0
568,533,5000,1.4892,1.26
568,565,12000,1.5359399999999999,2.08
568,574,17500,2.0577900000000002,3.08
569,23,49500,0.86267,0.0
569,499,12500,1.04948,2.32
569,532,5000,1.45508,2.95
569,533,5000,0.8540000000000001,2.98
569,565,6500,3.0389999999999997,6.55
569,570,9000,2.64067,5.59
569,572,3500,3.7185,7.9
569,573,6000,3.0554900000000003,5.09
570,24,49500,0.86267,0.0
570,500,4500,0.6709999999999999,1.36
570,569,9000,2.64067,5.59
570,571,3000,3.5031199999999996,6.49
570,572,5500,2.50769,5.31
571,25,49500,0.86267,0.0
571,501,5500,1.12478,2.49
571,570,3000,3.5031199999999996,6.49
571,572,6000,3.08879,5.79
571,631,2000,3.84735,6.73
571,632,2500,3.22609,7.76
571,634,2000,3.77313,6.3
571,637,3500,2.14283,4.49
572,26,49500,0.86267,0.0
572,569,3500,3.7185,7.9
572,570,5500,2.50769,5.31
572,571,6000,3.08879,5.79
572,573,6500,2.63432,4.91
572,576,8500,2.37978,4.2
572,637,2500,3.62835,6.45
573,27,49500,0.86267,0.0
573,528,4000,2.39148,5.67
573,531,3500,0.7446,3.42
573,569,6000,3.0554900000000003,5.09
573,572,6500,2.63432,4.91
573,577,6500,2.93815,4.91
574,28,49500,0.86267,0.0
574,531,3500,2.2495700000000003,2.95
574,532,5000,1.7090900000000002,2.23
574,568,17500,2.0577900000000002,3.08
574,575,16000,2.93118,4.87
575,29,49500,0.86267,0.0
575,528,4000,1.14609,0.88
575,530,5000,2.5150900000000003,2.74
575,574,16000,2.93118,4.87
575,580,4000,3.6544,6.05
575,581,15000,2.62371,4.12
576,30,49500,0.86267,0.0
576,572,8500,2.37978,4.2
576,577,2000,3.03349,6.38
576,578,2000,3.4425800000000004,6.34
576,637,4000,3.25537,5.8
576,643,3000,1.65714,3.53
577,31,49500,0.86267,0.0
577,530,5000,0.8184,2.81
577,545,4000,1.8350799999999998,3.61
577,573,6500,2.93815,4.91
577,576,2000,3.03349,6.38
577,578,8000,2.51213,4.63
578,32,49500,0.86267,0.0
578,507,1500,5.156569999999999,8.09
578,524,5500,2.74568,4.67
578,576,2000,3.4425800000000004,6.34
578,577,8000,2.51213,4.63
578,579,2000,3.51902,7.28
578,580,2500,3.05061,6.38
578,643,12000,2.3188,3.79
578,645,6000,3.1490400000000003,5.85
579,33,49500,0.86267,0.0
579,578,2000,3.51902,7.28
579,580,7500,2.5627299999999997,4.25
579,582,1500,3.4187199999999995,5.09
579,647,5500,2.26687,3.52
579,656,3000,3.49195,6.63
580,34,49500,0.86267,0.0
580,545,4000,1.10476,1.5
580,575,4000,3.6544,6.05
580,578,2500,3.05061,6.38
580,579,7500,2.5627299999999997,4.25
580,581,1000,3.6544,9.79
580,582,3500,3.62835,6.48
581,35,49500,0.86267,0.0
581,575,15000,2.62371,4.12
581,580,1000,3.6544,9.79
581,582,7500,3.66457,6.8
582,36,49500,0.86267,0.0
582,541,2500,2.91335,5.76
582,579,1500,3.4187199999999995,5.09
582,580,3500,3.62835,6.48
582,581,7500,3.66457,6.8
582,660,3500,4.07195,5.88
583,37,49500,0.86267,0.0
583,540,3000,0.7421,0.56
584,38,49500,0.86267,0.0
584,394,500,4.77245,4.97
584,395,3500,3.8738599999999996,3.88
584,586,4000,4.4177599999999995,6.15
584,588,2500,4.55503,6.06
584,605,1500,5.24742,8.07
584,710,1000,4.70926,5.72
584,712,2000,4.7068900000000005,7.48
584,768,5000,5.97831,10.15
584,808,500,6.26996,10.64
585,39,49500,0.86267,0.0
585,401,6000,1.00047,1.7
585,586,3000,3.05,4.01
585,587,6000,2.928,4.63
585,771,3000,3.05,3.88
586,40,49500,0.86267,0.0
586,584,4000,4.4177599999999995,6.15
586,585,3000,3.05,4.01
586,588,5500,2.92864,4.44
586,772,3000,2.86765,3.83
587,41,49500,0.86267,0.0
587,400,500,1.00973,0.88
587,585,6000,2.928,4.63
587,588,6000,2.989,4.73
587,592,6500,2.86959,5.37
587,604,3500,2.8922,4.12
588,42,49500,0.86267,0.0
588,397,3000,2.501,3.02
588,584,2500,4.55503,6.06
588,586,5500,2.92864,4.44
588,587,6000,2.989,4.73
589,43,49500,0.86267,0.0
589,590,4500,2.98962,4.48
589,591,5500,2.867,3.67
589,594,1500,2.92864,4.18
589,775,2500,3.1719999999999997,4.97
590,44,49500,0.86267,0.0
590,401,6000,2.22043,1.81
590,589,4500,2.98962,4.48
590,592,10000,3.05061,4.28
590,776,7500,3.111,4.76
591,45,49500,0.86267,0.0
591,441,6000,1.87122,3.19
591,589,5500,2.867,3.67
591,592,5500,3.0524400000000003,4.61
591,608,3500,2.9946,5.22
591,613,5000,2.728,3.78
592,46,49500,0.86267,0.0
592,587,6500,2.86959,5.37
592,590,10000,3.05061,4.28
592,591,5500,3.0524400000000003,4.61
592,608,4000,2.76189,4.37
592,609,2500,2.81461,5.04
593,47,49500,0.86267,0.0
593,429,6500,1.00047,2.39
593,431,4000,0.682,1.27
593,594,6500,2.928,4.54
593,595,3500,2.92864,4.19
594,48,49500,0.86267,0.0
594,427,7000,0.7446,1.43
594,589,1500,2.92864,4.18
594,593,6500,2.928,4.54
594,596,3000,2.928,4.63
595,49,49500,0.86267,0.0
595,432,4500,1.66609,3.16
595,593,3500,2.92864,4.19
595,596,3500,2.867,4.09
595,612,1500,2.9784,7.06
595,617,2000,2.67358,4.67
596,50,49500,0.86267,0.0
596,441,6000,1.3097299999999998,0.72
596,594,3000,2.928,4.63
596,595,3500,2.867,4.09
596,612,3000,2.70127,4.23
596,613,500,2.9784,6.09
597,51,49500,0.86267,0.0
597,431,4000,2.4285400000000004,2.91
597,599,3500,2.89862,4.53
597,778,500,4.13587,10.64
598,52,49500,0.86267,0.0
598,599,6500,2.57432,4.25
598,616,2500,2.1148599999999997,4.51
598,620,3500,1.85825,3.95
599,53,49500,0.86267,0.0
599,432,4500,1.56355,1.33
599,597,3500,2.89862,4.53
599,598,6500,2.57432,4.25
599,616,3000,2.73141,5.88
599,617,1500,2.86765,4.54
600,54,49500,0.86267,0.0
600,395,3500,0.8296899999999999,1.36
600,601,1500,3.0524400000000003,3.74
600,602,6000,2.623,3.32
600,605,5000,2.86765,3.66
601,55,49500,0.86267,0.0
601,394,500,0.56239,1.75
601,600,1500,3.0524400000000003,3.74
601,603,1500,2.501,3.9
601,716,3000,2.928,5.17
602,56,49500,0.86267,0.0
602,600,6000,2.623,3.32
602,603,4000,3.05,3.82
602,607,3000,2.87283,4.53
602,671,3500,2.86959,4.72
603,57,49500,0.86267,0.0
603,601,1500,2.501,3.9
603,602,4000,3.05,3.82
603,672,2000,3.05061,3.78
603,718,1000,2.99149,3.99
604,58,49500,0.86267,0.0
604,397,3000,1.10476,1.28
604,399,7000,1.6992599999999998,3.32
604,587,3500,2.8922,4.12
604,605,3500,2.86959,4.09
604,606,3500,2.501,3.71
605,59,49500,0.86267,0.0
605,584,1500,5.24742,8.07
605,600,5000,2.86765,3.66
605,604,3500,2.86959,4.09
605,607,2000,2.501,5.5
606,60,49500,0.86267,0.0
606,403,1500,1.2031100000000001,2.84
606,604,3500,2.501,3.71
606,607,3500,2.86959,4.09
606,675,3500,3.1133900000000003,6.4
607,61,49500,0.86267,0.0
607,602,3000,2.87283,4.53
607,605,2000,2.501,5.5
607,606,3500,2.86959,4.09
607,676,500,3.111,6.87
608,62,49500,0.86267,0.0
608,537,5500,2.693,3.31
608,591,3500,2.9946,5.22
608,592,4000,2.76189,4.37
608,609,6500,2.80666,4.42
608,613,4500,2.86765,4.3
609,63,49500,0.86267,0.0
609,399,7000,1.364,0.88
609,400,500,2.50769,6.72
609,592,2500,2.81461,5.04
609,608,6500,2.80666,4.42
609,611,3000,2.5017400000000003,3.81
610,64,49500,0.86267,0.0
610,537,5500,0.62208,0.81
610,611,6500,2.74568,3.73
610,615,8500,2.93371,4.19
610,679,6500,3.05061,4.77
611,65,49500,0.86267,0.0
611,403,1500,1.9289900000000002,2.07
611,609,3000,2.5017400000000003,3.81
611,610,6500,2.74568,3.73
611,680,4500,2.92864,4.34
612,66,49500,0.86267,0.0
612,440,2000,2.33798,2.64
612,595,1500,2.9784,7.06
612,596,3000,2.70127,4.23
612,614,5500,2.318,4.27
612,617,5000,2.92864,4.39
613,67,49500,0.86267,0.0
613,440,2000,0.86267,1.88
613,591,5000,2.728,3.78
613,596,500,2.9784,6.09
613,608,4500,2.86765,4.3
613,615,10000,2.37978,3.61
614,68,49500,0.86267,0.0
614,439,6000,2.33798,2.72
614,554,3500,3.02427,5.04
614,612,5500,2.318,4.27
614,619,3500,3.01132,5.65
614,622,4000,3.4127300000000003,6.06
615,69,49500,0.86267,0.0
615,439,6000,0.7764,1.94
615,536,2000,1.74784,1.52
615,610,8500,2.93371,4.19
615,613,10000,2.37978,3.61
615,622,4000,3.1490400000000003,5.03
616,70,49500,0.86267,0.0
616,433,9500,2.79936,3.4
616,598,2500,2.1148599999999997,4.51
616,599,3000,2.73141,5.88
616,618,6500,1.89493,3.18
616,620,5500,1.89198,3.79
617,71,49500,0.86267,0.0
617,433,9500,0.7643300000000001,1.5
617,595,2000,2.67358,4.67
617,599,1500,2.86765,4.54
617,612,5000,2.92864,4.39
617,619,10500,2.01392,3.36
618,72,49500,0.86267,0.0
618,434,9000,3.17024,4.12
618,548,7500,1.95295,3.52
618,552,5000,2.65122,4.34
618,616,6500,1.89493,3.18
618,621,3500,2.08652,3.88
619,73,49500,0.86267,0.0
619,434,9000,0.63686,0.65
619,552,9500,3.08699,4.8
619,554,2500,2.7987,4.97
619,614,3500,3.01132,5.65
619,617,10500,2.01392,3.36
620,74,49500,0.86267,0.0
620,598,3500,1.85825,3.95
620,616,5500,1.89198,3.79
620,621,3000,1.403,2.61
621,75,49500,0.86267,0.0
621,547,5500,1.58365,2.89
621,618,3500,2.08652,3.88
621,620,3000,1.403,2.61
622,76,49500,0.86267,0.0
622,540,3000,2.046,1.75
622,554,2000,3.7324800000000002,5.79
622,555,4500,3.13542,4.89
622,614,4000,3.4127300000000003,6.06
622,615,4000,3.1490400000000003,5.03
622,623,3500,3.22839,5.02
622,625,2500,2.74025,4.8
623,77,49500,0.86267,0.0
623,622,3500,3.22839,5.02
623,624,6500,2.9438400000000002,6.26
623,627,5500,3.05061,4.83
623,681,4000,2.87736,4.31
624,78,49500,0.86267,0.0
624,555,5500,1.6116,2.68
624,556,1000,3.8521900000000002,9.28
624,557,2000,4.44966,9.25
624,623,6500,2.9438400000000002,6.26
624,626,9500,2.69023,4.43
625,79,49500,0.86267,0.0
625,554,7000,1.84418,3.39
625,555,13500,1.10476,1.58
625,622,2500,2.74025,4.8
626,80,49500,0.86267,0.0
626,485,6500,1.75633,1.68
626,624,9500,2.69023,4.43
626,627,13000,3.05061,5.1
626,630,11000,2.0749,4.32
627,81,49500,0.86267,0.0
627,484,6000,1.7360900000000001,1.98
627,486,6500,2.10339,2.22
627,623,5500,3.05061,4.83
627,626,13000,3.05061,5.1
628,82,49500,0.86267,0.0
628,485,6500,1.364,2.84
628,629,6000,2.87283,4.78
628,631,6500,3.111,6.55
628,632,5000,2.9946,4.99
629,83,49500,0.86267,0.0
629,479,3000,2.2379599999999997,2.12
629,484,6000,1.5286600000000001,3.65
629,628,6000,2.87283,4.78
629,633,6000,2.93054,4.89
630,84,49500,0.86267,0.0
630,489,3500,1.72534,2.68
630,557,8500,1.7177799999999999,3.75
630,626,11000,2.0749,4.32
631,85,49500,0.86267,0.0
631,489,3500,1.7690000000000001,4.23
631,490,5000,1.19846,3.8
631,559,5000,3.2656400000000003,6.1
631,566,2000,2.89027,7.28
631,571,2000,3.84735,6.73
631,628,6500,3.111,6.55
631,636,6500,2.19939,4.37
632,86,49500,0.86267,0.0
632,502,1500,1.64248,1.67
632,571,2500,3.22609,7.76
632,628,5000,2.9946,4.99
632,633,8000,2.93054,4.53
632,636,2500,2.9159,4.17
633,87,49500,0.86267,0.0
633,478,5500,1.97097,1.91
633,503,7000,3.05061,3.5
633,629,6000,2.93054,4.89
633,632,8000,2.93054,4.53
634,88,49500,0.86267,0.0
634,502,1500,1.5859999999999999,3.91
634,505,6000,1.7940599999999998,1.48
634,571,2000,3.77313,6.3
634,635,3500,2.93054,3.86
634,637,4500,2.928,5.42
635,89,49500,0.86267,0.0
635,504,7000,0.71138,0.45
635,634,3500,2.93054,3.86
635,640,1000,2.93054,3.64
635,705,5500,2.928,4.23
636,90,49500,0.86267,0.0
636,501,5500,1.0670600000000001,0.62
636,631,6500,2.19939,4.37
636,632,2500,2.9159,4.17
637,91,49500,0.86267,0.0
637,571,3500,2.14283,4.49
637,572,2500,3.62835,6.45
637,576,4000,3.25537,5.8
637,634,4500,2.928,5.42
637,644,5000,2.86959,4.49
638,92,49500,0.86267,0.0
638,640,1500,5.47847,6.63
638,642,3000,4.4734300000000005,5.44
638,707,2500,3.2421900000000003,4.12
638,815,2000,4.3924199999999995,5.72
638,825,1000,3.0341,3.63
638,826,1500,3.0008,4.8
639,93,49500,0.86267,0.0
639,505,6000,1.39235,2.42
639,506,5000,0.86267,1.8
639,640,3000,2.93054,3.51
639,641,8500,3.05061,4.75
640,94,49500,0.86267,0.0
640,635,1000,2.93054,3.64
640,638,1500,5.47847,6.63
640,639,3000,2.93054,3.51
640,642,2000,2.93054,4.39
641,95,49500,0.86267,0.0
641,639,8500,3.05061,4.75
641,642,6500,2.867,3.55
641,646,7000,2.93054,3.9
641,648,500,2.98962,4.68
642,96,49500,0.86267,0.0
642,638,3000,4.4734300000000005,5.44
642,640,2000,2.93054,4.39
642,641,6500,2.867,3.55
642,649,2000,3.0524400000000003,4.29
643,97,49500,0.86267,0.0
643,576,3000,1.65714,3.53
643,578,12000,2.3188,3.79
643,644,8000,2.90824,4.93
644,98,49500,0.86267,0.0
644,506,5000,2.41317,2.59
644,637,5000,2.86959,4.49
644,643,8000,2.90824,4.93
644,646,5500,2.98962,5.23
645,99,49500,0.86267,0.0
645,578,6000,3.1490400000000003,5.85
645,646,6000,3.09902,4.42
645,647,10000,2.50769,3.97
645,652,10000,2.38213,3.82
646,100,49500,0.86267,0.0
646,507,1500,0.2728,1.51
646,641,7000,2.93054,3.9
646,644,5500,2.98962,5.23
646,645,6000,3.09902,4.42
646,653,4500,2.93054,4.14
647,101,49500,0.86267,0.0
647,524,5500,0.80233,1.58
647,579,5500,2.26687,3.52
647,645,10000,2.50769,3.97
647,657,3500,2.17984,3.63
648,102,49500,0.86267,0.0
648,641,500,2.98962,4.68
648,649,3000,2.80666,4.48
648,650,3500,2.93371,3.99
648,653,5000,2.9946,3.95
649,103,49500,0.86267,0.0
649,642,2000,3.0524400000000003,4.29
649,648,3000,2.80666,4.48
649,651,2000,2.92864,3.9
649,825,1500,3.05,4.01
650,104,49500,0.86267,0.0
650,453,500,2.62016,2.82
650,648,3500,2.93371,3.99
650,651,2500,3.05061,4.35
650,655,3000,2.928,4.94
651,105,49500,0.86267,0.0
651,649,2000,2.92864,3.9
651,650,2500,3.05061,4.35
651,827,1000,2.93054,3.99
651,842,2000,2.93371,4.5
652,106,49500,0.86267,0.0
652,452,7000,2.16185,2.17
652,525,5000,1.0670600000000001,2.57
652,645,10000,2.38213,3.82
652,653,4500,3.05,4.29
653,107,49500,0.86267,0.0
653,646,4500,2.93054,4.14
653,648,5000,2.9946,3.95
653,652,4500,3.05,4.29
653,655,2500,3.1133900000000003,4.81
654,108,49500,0.86267,0.0
654,451,5000,2.00652,1.81
654,452,7000,1.13467,2.28
654,659,5500,3.05061,4.81
654,662,5000,3.05061,4.35
655,109,49500,0.86267,0.0
655,451,5000,1.2276,2.48
655,650,3000,2.928,4.94
655,653,2500,3.1133900000000003,4.81
655,663,6000,2.93371,4.39
656,110,49500,0.86267,0.0
656,579,3000,3.49195,6.63
656,657,7000,2.99149,5.64
656,658,4000,3.05061,4.75
656,660,3000,2.318,3.83
657,111,49500,0.86267,0.0
657,525,5000,2.2379599999999997,2.51
657,647,3500,2.17984,3.63
657,656,7000,2.99149,5.64
657,659,15000,3.17259,5.22
658,112,49500,0.86267,0.0
658,510,4000,1.04948,0.37
658,656,4000,3.05061,4.75
658,659,5500,2.989,5.56
658,661,6000,2.3188,3.63
659,113,49500,0.86267,0.0
659,509,5000,1.09969,0.59
659,654,5500,3.05061,4.81
659,657,15000,3.17259,5.22
659,658,5500,2.989,5.56
660,114,49500,0.86267,0.0
660,582,3500,4.07195,5.88
660,656,3000,2.318,3.83
660,661,5000,2.98962,4.61
660,902,4500,3.4721800000000003,6.04
661,115,49500,0.86267,0.0
661,512,2000,1.09969,0.58
661,658,6000,2.3188,3.63
661,660,5000,2.98962,4.61
661,902,3500,3.7454199999999997,7.95
662,116,49500,0.86267,0.0
662,449,2000,2.63362,2.91
662,654,5000,3.05061,4.35
662,664,4500,2.99149,3.79
662,667,2500,2.989,5.39
663,117,49500,0.86267,0.0
663,449,2000,0.682,1.41
663,655,6000,2.93371,4.39
663,665,2000,2.98962,4.29
663,841,3500,3.05061,4.16
664,118,49500,0.86267,0.0
664,448,3500,2.75245,2.78
664,662,4500,2.99149,3.79
664,669,5500,2.92864,3.84
664,849,5500,4.45801,5.88
665,119,49500,0.86267,0.0
665,448,3500,0.65699,1.17
665,663,2000,2.98962,4.29
665,843,2000,2.928,3.73
665,849,1000,4.576630000000001,6.48
666,120,49500,0.86267,0.0
666,510,4000,2.22043,4.08
666,521,1500,0.7929999999999999,0.55
666,667,2000,2.989,4.68
666,668,3000,2.92864,4.18
667,121,49500,0.86267,0.0
667,509,5000,2.16185,5.05
667,662,2500,2.989,5.39
667,666,2000,2.989,4.68
667,669,7000,2.92864,4.32
668,122,49500,0.86267,0.0
668,519,2000,0.35569,0.64
668,666,3000,2.92864,4.18
668,669,3500,2.989,4.75
668,850,4500,2.989,3.84
669,123,49500,0.86267,0.0
669,664,5500,2.92864,3.84
669,667,7000,2.92864,4.32
669,668,3500,2.989,4.75
669,851,5500,2.93054,4.62
670,124,49500,0.86267,0.0
670,512,2000,3.42144,7.48
670,519,2000,3.21048,3.14
670,521,1500,2.728,3.93
670,854,500,5.91731,10.31
670,902,500,6.92961,10.36
670,905,1000,4.72268,10.0
671,125,49500,0.86267,0.0
671,602,3500,2.86959,4.72
671,672,2500,2.87283,3.66
671,673,4500,2.99149,3.99
671,676,3000,2.98962,3.91
672,126,49500,0.86267,0.0
672,603,2000,3.05061,3.78
672,671,2500,2.87283,3.66
672,674,2000,2.98962,3.99
672,722,1000,2.86959,3.58
673,127,49500,0.86267,0.0
673,671,4500,2.99149,3.99
673,674,3500,3.0554900000000003,3.83
673,678,4000,2.86765,3.66
673,683,3000,3.1133900000000003,4.27
674,128,49500,0.86267,0.0
674,672,2000,2.98962,3.99
674,673,3500,3.0554900000000003,3.83
674,684,1500,2.928,4.29
674,724,2000,2.928,4.5
675,129,49500,0.86267,0.0
675,404,5500,1.54319,3.14
675,606,3500,3.1133900000000003,6.4
675,676,5500,2.7477099999999997,4.32
675,677,4500,2.80865,4.0
676,130,49500,0.86267,0.0
676,607,500,3.111,6.87
676,671,3000,2.98962,3.91
676,675,5500,2.7477099999999997,4.32
676,678,3500,2.867,4.09
677,131,49500,0.86267,0.0
677,406,3000,0.8206700000000001,2.0
677,675,4500,2.80865,4.0
677,678,5500,2.87283,4.53
677,687,8000,3.05061,4.37
678,132,49500,0.86267,0.0
678,673,4000,2.86765,3.66
678,676,3500,2.867,4.09
678,677,5500,2.87283,4.53
678,688,7500,2.989,4.18
679,133,49500,0.86267,0.0
679,610,6500,3.05061,4.77
679,680,3500,2.1959999999999997,3.4
679,681,4000,3.05061,4.69
680,134,49500,0.86267,0.0
680,404,5500,1.61045,1.27
680,488,2500,2.29623,2.97
680,611,4500,2.92864,4.34
680,679,3500,2.1959999999999997,3.4
681,135,49500,0.86267,0.0
681,487,3000,1.64248,1.36
681,623,4000,2.87736,4.31
681,679,4000,3.05061,4.69
681,691,12000,2.867,4.0
682,136,49500,0.86267,0.0
682,406,3000,2.2044599999999996,2.45
682,487,3000,1.5065899999999999,3.04
682,488,2500,1.01524,2.77
682,692,8000,2.9946,4.0
683,137,49500,0.86267,0.0
683,673,3000,3.1133900000000003,4.27
683,684,2500,2.928,4.5
683,685,4000,2.80666,3.73
683,688,3500,2.9946,4.19
684,138,49500,0.86267,0.0
684,674,1500,2.928,4.29
684,683,2500,2.928,4.5
684,728,3500,2.92864,3.91
685,139,49500,0.86267,0.0
685,411,6000,2.91909,3.04
685,683,4000,2.80666,3.73
685,686,1500,2.80865,3.5
685,690,4000,3.05,3.82
686,140,49500,0.86267,0.0
686,685,1500,2.80865,3.5
686,730,1000,2.92864,3.91
687,141,49500,0.86267,0.0
687,407,6500,0.8206700000000001,1.71
687,677,8000,3.05061,4.37
687,688,6500,2.80865,4.42
687,689,7000,2.928,5.02
688,142,49500,0.86267,0.0
688,678,7500,2.989,4.18
688,683,3500,2.9946,4.19
688,687,6500,2.80865,4.42
688,690,5000,2.989,5.32
689,143,49500,0.86267,0.0
689,408,2000,1.04948,2.19
689,687,7000,2.928,5.02
689,690,3500,2.81196,4.0
689,699,1500,3.1116,4.83
690,144,49500,0.86267,0.0
690,410,2000,2.81196,2.9
690,685,4000,3.05,3.82
690,688,5000,2.989,5.32
690,689,3500,2.81196,4.0
691,145,49500,0.86267,0.0
691,481,6500,2.30915,2.42
691,486,6500,1.0670600000000001,2.4
691,681,12000,2.867,4.0
691,692,8000,2.75109,4.22
692,146,49500,0.86267,0.0
692,407,6500,2.4559599999999997,2.47
692,682,8000,2.9946,4.0
692,691,8000,2.75109,4.22
692,694,5500,2.92864,5.17
693,147,49500,0.86267,0.0
693,479,3000,0.96449,1.88
693,483,6500,0.682,0.5
693,694,4500,2.98962,4.28
693,703,2000,3.05,5.13
694,148,49500,0.86267,0.0
694,408,2000,2.10339,2.11
694,539,5000,1.15095,0.62
694,692,5500,2.92864,5.17
694,693,4500,2.98962,4.28
695,149,49500,0.86267,0.0
695,411,6000,0.63686,1.04
695,696,8500,2.989,3.99
695,697,4500,2.92864,4.63
695,700,10500,2.99149,5.5
696,150,49500,0.86267,0.0
696,695,8500,2.989,3.99
696,698,5000,3.05061,4.31
696,734,1500,2.80865,4.2
697,151,49500,0.86267,0.0
697,695,4500,2.92864,4.63
697,698,4000,2.99149,3.95
697,702,5500,2.989,3.97
697,809,2500,2.989,3.95
698,152,49500,0.86267,0.0
698,696,5000,3.05061,4.31
698,697,4000,2.99149,3.95
698,736,4500,2.867,4.32
698,810,2000,2.86765,4.67
699,153,49500,0.86267,0.0
699,538,8000,0.71138,0.45
699,689,1500,3.1116,4.83
699,700,5000,2.867,4.09
699,701,5000,2.86765,3.66
700,154,49500,0.86267,0.0
700,410,2000,0.63686,1.09
700,695,10500,2.99149,5.5
700,699,5000,2.867,4.09
700,702,4500,3.05061,5.1
701,155,49500,0.86267,0.0
701,474,3500,0.8206700000000001,1.73
701,699,5000,2.86765,3.66
701,702,2500,2.87283,3.44
701,813,2000,2.93054,4.43
702,156,49500,0.86267,0.0
702,697,5500,2.989,3.97
702,700,4500,3.05061,5.1
702,701,2500,2.87283,3.44
702,814,3500,2.92864,4.55
703,157,49500,0.86267,0.0
703,478,5500,1.31398,2.69
703,693,2000,3.05,5.13
703,704,7500,2.867,4.29
703,705,3500,2.7477099999999997,4.18
704,158,49500,0.86267,0.0
704,538,8000,3.37435,4.18
704,539,5000,2.1419599999999996,4.88
704,703,7500,2.867,4.29
704,706,8500,2.86765,4.55
705,159,49500,0.86267,0.0
705,476,3500,2.28404,2.02
705,635,5500,2.928,4.23
705,703,3500,2.7477099999999997,4.18
705,706,5000,2.93054,4.14
706,160,49500,0.86267,0.0
706,474,3500,2.41317,2.45
706,475,3500,2.51953,3.08
706,704,8500,2.86765,4.55
706,705,5000,2.93054,4.14
707,161,49500,0.86267,0.0
707,473,1000,3.8521900000000002,4.39
707,475,3500,1.17811,1.74
707,476,3500,1.18441,2.79
707,638,2500,3.2421900000000003,4.12
708,162,49500,0.86267,0.0
708,388,2000,1.8136599999999998,2.9
708,709,3000,5.856,6.96
708,714,4000,5.81647,6.99
708,913,3000,16.7325,20.04
709,163,49500,0.86267,0.0
709,391,3000,1.2693299999999998,0.53
709,708,3000,5.856,6.96
709,711,1000,4.64922,5.49
709,713,2500,4.59164,5.92
709,803,2500,6.1003,7.69
710,164,49500,0.86267,0.0
710,584,1000,4.70926,5.72
710,712,3000,2.86765,5.11
710,806,2500,2.867,3.52
711,165,49500,0.86267,0.0
711,709,1000,4.64922,5.49
711,713,1000,3.05061,4.09
711,807,2500,2.74568,3.19
712,166,49500,0.86267,0.0
712,393,3500,2.70953,2.62
712,584,2000,4.7068900000000005,7.48
712,710,3000,2.86765,5.11
712,713,1000,3.05061,4.28
713,167,49500,0.86267,0.0
713,392,1000,1.675,1.05
713,709,2500,4.59164,5.92
713,711,1000,3.05061,4.09
713,712,1000,3.05061,4.28
713,716,2000,3.33721,6.77
714,168,49500,0.86267,0.0
714,708,4000,5.81647,6.99
714,715,4500,5.672999999999999,6.66
714,720,3500,5.795319999999999,6.95
714,913,3500,11.385,13.61
715,169,49500,0.86267,0.0
715,391,3000,4.7163699999999995,6.36
715,714,4500,5.672999999999999,6.66
715,717,2500,4.49955,5.36
715,719,1500,4.51647,5.28
715,721,2500,5.672999999999999,6.62
716,170,49500,0.86267,0.0
716,393,3500,0.6130399999999999,1.87
716,601,3000,2.928,5.17
716,713,2000,3.33721,6.77
716,717,4000,2.86959,4.09
716,718,7000,2.62371,4.45
717,171,49500,0.86267,0.0
717,392,1000,1.60466,2.98
717,715,2500,4.49955,5.36
717,716,4000,2.86959,4.09
717,719,1500,2.501,3.9
718,172,49500,0.86267,0.0
718,603,1000,2.99149,3.99
718,716,7000,2.62371,4.45
718,719,1000,2.806,3.73
718,722,2500,3.0554900000000003,3.79
719,173,49500,0.86267,0.0
719,715,1500,4.51647,5.28
719,717,1500,2.501,3.9
719,718,1000,2.806,3.73
719,723,2000,2.989,3.95
720,174,49500,0.86267,0.0
720,714,3500,5.795319999999999,6.95
720,721,4000,5.61333,6.58
720,726,3000,5.91731,7.07
720,913,3000,7.75444,9.25
721,175,49500,0.86267,0.0
721,715,2500,5.672999999999999,6.62
721,720,4000,5.61333,6.58
721,723,1000,4.55258,5.41
721,725,2500,4.71242,5.5
721,727,3000,5.856319999999999,7.03
722,176,49500,0.86267,0.0
722,672,1000,2.86959,3.58
722,718,2500,3.0554900000000003,3.79
722,723,2000,2.98962,4.28
722,724,1000,2.86959,4.0
723,177,49500,0.86267,0.0
723,719,2000,2.989,3.95
723,721,1000,4.55258,5.41
723,722,2000,2.98962,4.28
723,725,2000,3.1116,4.08
724,178,49500,0.86267,0.0
724,674,2000,2.928,4.5
724,722,1000,2.86959,4.0
724,725,3000,2.81196,4.0
724,728,4500,2.989,3.74
725,179,49500,0.86267,0.0
725,721,2500,4.71242,5.5
725,723,2000,3.1116,4.08
725,724,3000,2.81196,4.0
725,729,4500,2.928,4.39
726,180,49500,0.86267,0.0
726,416,2000,2.04509,1.54
726,720,3000,5.91731,7.07
726,727,4000,5.73692,6.74
726,913,4000,7.532939999999999,9.38
727,181,49500,0.86267,0.0
727,415,3500,4.24465,4.8
727,721,3000,5.856319999999999,7.03
727,726,4000,5.73692,6.74
727,729,1000,4.49955,5.71
727,731,2000,4.519769999999999,5.26
728,182,49500,0.86267,0.0
728,684,3500,2.92864,3.91
728,724,4500,2.989,3.74
728,729,5000,2.80865,4.0
728,730,3500,2.92864,4.18
729,183,49500,0.86267,0.0
729,725,4500,2.928,4.39
729,727,1000,4.49955,5.71
729,728,5000,2.80865,4.0
729,731,4000,2.86959,4.3
730,184,49500,0.86267,0.0
730,413,4000,3.17024,3.35
730,686,1000,2.92864,3.91
730,728,3500,2.92864,4.18
730,731,3000,2.98962,4.49
731,185,49500,0.86267,0.0
731,414,3500,3.2006099999999997,3.29
731,727,2000,4.519769999999999,5.26
731,729,4000,2.86959,4.3
731,730,3000,2.98962,4.49
732,186,49500,0.86267,0.0
732,416,2000,3.95137,5.28
732,417,3500,8.19718,9.84
732,733,3000,5.79789,6.82
732,864,4000,6.222,7.94
733,187,49500,0.86267,0.0
733,415,3500,1.75633,3.01
733,732,3000,5.79789,6.82
733,735,1000,4.49955,5.96
733,737,2500,4.70175,5.9
733,865,5000,5.85886,6.95
734,188,49500,0.86267,0.0
734,413,4000,0.62208,0.65
734,696,1500,2.80865,4.2
734,735,4500,2.80666,3.91
734,736,5000,2.928,4.88
735,189,49500,0.86267,0.0
735,414,3500,0.63686,0.54
735,733,1000,4.49955,5.96
735,734,4500,2.80666,3.91
735,737,3000,3.05,5.19
736,190,49500,0.86267,0.0
736,698,4500,2.867,4.32
736,734,5000,2.928,4.88
736,737,6500,2.81196,4.67
736,866,3500,4.70926,6.66
737,191,49500,0.86267,0.0
737,733,2500,4.70175,5.9
737,735,3000,3.05,5.19
737,736,6500,2.81196,4.67
737,866,2000,4.57175,5.36
738,192,49500,0.86267,0.0
738,740,1000,3.4721800000000003,4.28
738,742,2000,3.85267,5.38
738,746,1500,5.79789,8.62
738,784,1500,2.867,3.52
738,920,1500,5.81551,8.24
739,193,49500,0.86267,0.0
739,419,1500,3.4127300000000003,5.07
739,740,2000,3.0524400000000003,4.11
739,741,2000,2.6846900000000002,3.38
739,921,2000,4.60136,5.84
740,194,49500,0.86267,0.0
740,738,1000,3.4721800000000003,4.28
740,739,2000,3.0524400000000003,4.11
740,742,1500,2.63432,3.99
740,920,2000,4.84825,7.59
741,195,49500,0.86267,0.0
741,739,2000,2.6846900000000002,3.38
741,742,500,2.86765,4.07
741,743,1000,4.72701,6.77
741,747,2500,3.05061,3.8
742,196,49500,0.86267,0.0
742,738,2000,3.85267,5.38
742,740,1500,2.63432,3.99
742,741,500,2.86765,4.07
742,748,2500,2.99149,3.74
743,197,49500,0.86267,0.0
743,419,1500,1.62768,1.44
743,741,1000,4.72701,6.77
743,744,2500,5.3859900000000005,7.11
743,745,2000,5.38772,7.62
743,751,3000,4.84211,6.11
743,752,1500,4.68748,6.51
743,921,2500,6.674410000000001,8.94
743,922,1000,6.4947099999999995,9.71
744,198,49500,0.86267,0.0
744,743,2500,5.3859900000000005,7.11
744,745,6000,2.6846900000000002,3.79
744,922,1500,5.019819999999999,6.24
745,199,49500,0.86267,0.0
745,743,2000,5.38772,7.62
745,744,6000,2.6846900000000002,3.79
745,755,4000,2.92864,4.75
746,200,49500,0.86267,0.0
746,738,1500,5.79789,8.62
746,748,2000,3.4775400000000003,4.66
746,750,2000,3.6010699999999995,4.84
746,757,4000,5.91826,7.09
746,792,1000,3.05,3.98
747,201,49500,0.86267,0.0
747,741,2500,3.05061,3.8
747,748,3000,3.05,4.52
747,749,2000,2.806,3.85
747,752,2500,2.989,4.47
748,202,49500,0.86267,0.0
748,742,2500,2.99149,3.74
748,746,2000,3.4775400000000003,4.66
748,747,3000,3.05,4.52
748,750,4500,2.867,4.92
749,203,49500,0.86267,0.0
749,747,2000,2.806,3.85
749,750,2000,3.05061,5.32
749,754,3500,2.867,4.1
749,758,3000,2.98962,3.65
750,204,49500,0.86267,0.0
750,746,2000,3.6010699999999995,4.84
750,748,4500,2.867,4.92
750,749,2000,3.05061,5.32
750,759,1000,2.92864,4.09
751,205,49500,0.86267,0.0
751,420,3000,2.501,2.57
751,743,3000,4.84211,6.11
751,753,8000,2.7477099999999997,4.36
751,755,3000,3.66457,4.87
752,206,49500,0.86267,0.0
752,420,3000,0.9068299999999999,1.68
752,743,1500,4.68748,6.51
752,747,2500,2.989,4.47
752,754,2000,2.80865,3.69
753,207,49500,0.86267,0.0
753,421,2000,1.47413,0.94
753,751,8000,2.7477099999999997,4.36
753,756,4500,3.2945599999999997,4.66
753,762,3500,2.98962,3.45
754,208,49500,0.86267,0.0
754,421,2000,1.8350799999999998,2.86
754,749,3500,2.867,4.1
754,752,2000,2.80865,3.69
754,763,1000,3.1116,3.86
755,209,49500,0.86267,0.0
755,745,4000,2.92864,4.75
755,751,3000,3.66457,4.87
755,756,9000,2.90824,4.52
756,210,49500,0.86267,0.0
756,753,4500,3.2945599999999997,4.66
756,755,9000,2.90824,4.52
756,766,6500,3.0718799999999997,4.83
757,211,49500,0.86267,0.0
757,746,4000,5.91826,7.09
757,759,1500,3.6928900000000002,4.43
757,761,3000,3.74095,4.7
757,768,2000,5.856,7.48
757,800,3000,2.93054,3.71
758,212,49500,0.86267,0.0
758,749,3000,2.98962,3.65
758,759,500,2.928,3.87
758,760,2000,3.111,3.87
758,763,5500,2.99149,4.07
759,213,49500,0.86267,0.0
759,750,1000,2.92864,4.09
759,757,1500,3.6928900000000002,4.43
759,758,500,2.928,3.87
759,761,2000,2.928,3.59
760,214,49500,0.86267,0.0
760,758,2000,3.111,3.87
760,761,2500,2.93371,3.63
760,765,6000,2.93054,4.63
760,769,1000,2.80666,3.6
761,215,49500,0.86267,0.0
761,757,3000,3.74095,4.7
761,759,2000,2.928,3.59
761,760,2500,2.93371,3.63
761,770,1500,2.928,3.82
762,216,49500,0.86267,0.0
762,422,1000,0.61,0.87
762,753,3500,2.98962,3.45
762,763,2500,2.92864,4.19
762,764,500,2.74568,4.48
763,217,49500,0.86267,0.0
763,754,1000,3.1116,3.86
763,758,5500,2.99149,4.07
763,762,2500,2.92864,4.19
763,765,4500,2.86765,4.7
764,218,49500,0.86267,0.0
764,423,1000,0.6955100000000001,0.6
764,762,500,2.74568,4.48
764,765,3500,3.0554900000000003,4.25
764,773,3000,3.1116,4.13
765,219,49500,0.86267,0.0
765,760,6000,2.93054,4.63
765,763,4500,2.86765,4.7
765,764,3500,3.0554900000000003,4.25
765,774,6000,2.86765,4.01
766,220,49500,0.86267,0.0
766,422,1000,3.05061,3.61
766,756,6500,3.0718799999999997,4.83
766,767,3500,3.0718799999999997,3.66
767,221,49500,0.86267,0.0
767,423,1000,3.49621,4.08
767,766,3500,3.0718799999999997,3.66
767,777,6000,2.95079,4.58
768,222,49500,0.86267,0.0
768,584,5000,5.97831,10.15
768,757,2000,5.856,7.48
768,770,1500,3.6928900000000002,6.33
768,772,1500,3.8192,5.19
768,808,4500,2.928,3.59
769,223,49500,0.86267,0.0
769,760,1000,2.80666,3.6
769,770,2500,2.86765,3.79
769,771,2000,2.86959,4.54
769,774,1000,3.05061,5.21
770,224,49500,0.86267,0.0
770,761,1500,2.928,3.82
770,768,1500,3.6928900000000002,6.33
770,769,2500,2.86765,3.79
770,772,5500,3.111,4.05
771,225,49500,0.86267,0.0
771,585,3000,3.05,3.88
771,769,2000,2.86959,4.54
771,772,5000,2.9946,3.94
771,776,2500,2.92864,3.9
772,226,49500,0.86267,0.0
772,586,3000,2.86765,3.83
772,768,1500,3.8192,5.19
772,770,5500,3.111,4.05
772,771,5000,2.9946,3.94
773,227,49500,0.86267,0.0
773,424,1000,0.682,1.3
773,764,3000,3.1116,4.13
773,774,4000,3.05061,4.05
773,775,2000,2.80666,3.38
774,228,49500,0.86267,0.0
774,765,6000,2.86765,4.01
774,769,1000,3.05061,5.21
774,773,4000,3.05061,4.05
774,776,3000,2.867,4.01
775,229,49500,0.86267,0.0
775,425,2000,1.47539,2.62
775,589,2500,3.1719999999999997,4.97
775,773,2000,2.80666,3.38
775,776,2500,2.989,3.81
776,230,49500,0.86267,0.0
776,590,7500,3.111,4.76
776,771,2500,2.92864,3.9
776,774,3000,2.867,4.01
776,775,2500,2.989,3.81
777,231,49500,0.86267,0.0
777,424,1000,3.32995,3.72
777,767,6000,2.95079,4.58
777,778,3000,3.46789,4.66
777,779,2500,2.95897,3.78
778,232,49500,0.86267,0.0
778,429,6500,2.39692,2.77
778,597,500,4.13587,10.64
778,777,3000,3.46789,4.66
778,779,4000,2.93371,5.18
779,233,49500,0.86267,0.0
779,425,2000,1.7360900000000001,1.48
779,427,7000,2.57432,2.65
779,777,2500,2.95897,3.78
779,778,4000,2.93371,5.18
780,234,49500,0.86267,0.0
780,781,3500,5.91731,7.09
780,785,2500,5.734,8.54
780,914,2000,11.5535,13.52
780,916,500,6.20793,7.93
781,235,49500,0.86267,0.0
781,780,3500,5.91731,7.09
781,782,3000,5.79628,6.76
781,786,2500,5.67333,6.76
781,917,1000,6.21901,7.44
782,236,49500,0.86267,0.0
782,781,3000,5.79628,6.76
782,783,3000,5.97831,7.02
782,787,3500,5.551,7.12
782,917,3000,6.894080000000001,8.24
782,918,500,6.39191,9.5
783,237,49500,0.86267,0.0
783,782,3000,5.97831,7.02
783,784,3500,3.90829,4.94
783,788,1500,4.629569999999999,5.53
783,789,1000,4.57175,5.68
783,918,500,6.726889999999999,9.98
783,919,1500,6.33608,9.0
784,238,49500,0.86267,0.0
784,738,1500,2.867,3.52
784,783,3500,3.90829,4.94
784,792,1000,5.795,7.73
784,919,2500,5.770230000000001,7.35
785,239,49500,0.86267,0.0
785,780,2500,5.734,8.54
785,786,4000,5.856,7.03
785,793,4000,5.795319999999999,6.96
785,914,2500,7.747960000000001,9.24
786,240,49500,0.86267,0.0
786,781,2500,5.67333,6.76
786,785,4000,5.856,7.03
786,787,1500,5.856,6.96
786,794,3000,5.856,6.89
787,241,49500,0.86267,0.0
787,782,3500,5.551,7.12
787,786,1500,5.856,6.96
787,789,500,4.69224,6.03
787,791,500,4.78452,5.74
787,795,4500,5.91731,7.03
788,242,49500,0.86267,0.0
788,783,1500,4.629569999999999,5.53
788,789,2000,2.92864,4.39
788,790,1500,2.745,3.38
788,792,2000,2.728,3.5
789,243,49500,0.86267,0.0
789,783,1000,4.57175,5.68
789,787,500,4.69224,6.03
789,788,2000,2.92864,4.39
789,791,1500,2.867,3.45
790,244,49500,0.86267,0.0
790,788,1500,2.745,3.38
790,791,2000,2.92864,4.62
790,792,2500,2.87736,3.42
790,796,2000,2.989,3.98
791,245,49500,0.86267,0.0
791,787,500,4.78452,5.74
791,789,1500,2.867,3.45
791,790,2000,2.92864,4.62
791,797,1500,3.0524400000000003,3.65
792,246,49500,0.86267,0.0
792,746,1000,3.05,3.98
792,784,1000,5.795,7.73
792,788,2000,2.728,3.5
792,790,2500,2.87736,3.42
792,800,500,5.795,7.99
793,247,49500,0.86267,0.0
793,785,4000,5.795319999999999,6.96
793,794,3500,5.795319999999999,6.96
793,801,3000,5.856319999999999,7.03
793,914,2000,7.3111,8.7
794,248,49500,0.86267,0.0
794,786,3000,5.856,6.89
794,793,3500,5.795319999999999,6.96
794,795,4000,5.91731,7.03
794,802,3000,5.795319999999999,7.41
795,249,49500,0.86267,0.0
795,787,4500,5.91731,7.03
795,794,4000,5.91731,7.03
795,797,1500,4.51647,5.8
795,799,2500,4.73487,5.71
795,803,2500,5.734,7.33
796,250,49500,0.86267,0.0
796,790,2000,2.989,3.98
796,797,1000,3.0524400000000003,3.58
796,798,1000,2.92864,4.39
796,800,500,2.75582,3.31
797,251,49500,0.86267,0.0
797,791,1500,3.0524400000000003,3.65
797,795,1500,4.51647,5.8
797,796,1000,3.0524400000000003,3.58
797,799,1000,3.05061,3.65
798,252,49500,0.86267,0.0
798,796,1000,2.92864,4.39
798,799,2000,3.05974,3.66
798,800,1000,2.89348,3.46
798,804,3000,2.99149,4.48
799,253,49500,0.86267,0.0
799,795,2500,4.73487,5.71
799,797,1000,3.05061,3.65
799,798,2000,3.05974,3.66
799,805,6000,2.80666,3.6
800,254,49500,0.86267,0.0
800,757,3000,2.93054,3.71
800,792,500,5.795,7.99
800,796,500,2.75582,3.31
800,798,1000,2.89348,3.46
800,808,500,5.978,12.39
801,255,49500,0.86267,0.0
801,389,2500,7.509689999999999,9.58
801,793,3000,5.856319999999999,7.03
801,802,2000,5.917000000000001,7.09
801,913,3500,20.8982,24.92
802,256,49500,0.86267,0.0
802,388,2000,4.4261800000000004,4.78
802,794,3000,5.795319999999999,7.41
802,801,2000,5.917000000000001,7.09
802,803,2500,5.856,6.96
803,257,49500,0.86267,0.0
803,709,2500,6.1003,7.69
803,795,2500,5.734,7.33
803,802,2500,5.856,6.96
803,805,1000,4.60136,5.9
803,807,1000,4.758,5.74
804,258,49500,0.86267,0.0
804,798,3000,2.99149,4.48
804,805,4500,2.86765,3.6
804,806,2000,3.05061,3.8
804,808,2500,2.8383,3.44
805,259,49500,0.86267,0.0
805,799,6000,2.80666,3.6
805,803,1000,4.60136,5.9
805,804,4500,2.86765,3.6
805,807,2000,2.98962,3.81
806,260,49500,0.86267,0.0
806,710,2500,2.867,3.52
806,804,2000,3.05061,3.8
806,807,2000,2.989,5.86
806,808,1500,2.9784,3.62
807,261,49500,0.86267,0.0
807,711,2500,2.74568,3.19
807,803,1000,4.758,5.74
807,805,2000,2.98962,3.81
807,806,2000,2.989,5.86
808,262,49500,0.86267,0.0
808,584,500,6.26996,10.64
808,768,4500,2.928,3.59
808,800,500,5.978,12.39
808,804,2500,2.8383,3.44
808,806,1500,2.9784,3.62
809,263,49500,0.86267,0.0
809,697,2500,2.989,3.95
809,810,1000,2.928,4.17
809,811,2500,2.989,3.95
809,814,2500,2.92864,3.71
810,264,49500,0.86267,0.0
810,698,2000,2.86765,4.67
810,809,1000,2.928,4.17
810,812,3500,2.98962,4.01
810,866,2500,4.576630000000001,6.49
811,265,49500,0.86267,0.0
811,809,2500,2.989,3.95
811,812,2500,2.867,3.84
811,816,3000,3.1133900000000003,3.81
811,817,2500,2.93054,3.87
812,266,49500,0.86267,0.0
812,810,3500,2.98962,4.01
812,811,2500,2.867,3.84
812,818,2000,3.1133900000000003,3.89
812,866,1000,4.53415,6.47
813,267,49500,0.86267,0.0
813,472,3000,1.87122,1.39
813,473,1000,0.7446,1.44
813,701,2000,2.93054,4.43
813,814,6000,3.0554900000000003,3.76
814,268,49500,0.86267,0.0
814,702,3500,2.92864,4.55
814,809,2500,2.92864,3.71
814,813,6000,3.0554900000000003,3.76
814,816,2500,2.93371,3.95
815,269,49500,0.86267,0.0
815,471,3000,3.2421900000000003,3.84
815,472,3000,1.4461,2.22
815,638,2000,4.3924199999999995,5.72
815,821,2500,2.93054,3.58
816,270,49500,0.86267,0.0
816,471,3000,0.65699,0.61
816,811,3000,3.1133900000000003,3.81
816,814,2500,2.93371,3.95
816,822,2500,2.92864,3.9
817,271,49500,0.86267,0.0
817,470,1000,0.6130399999999999,0.74
817,811,2500,2.93054,3.87
817,818,3500,2.87283,4.12
817,819,3500,2.989,3.51
818,272,49500,0.86267,0.0
818,812,2000,3.1133900000000003,3.89
818,817,3500,2.87283,4.12
818,820,1500,2.80865,4.26
818,869,1500,4.440869999999999,6.33
819,273,49500,0.86267,0.0
819,469,3000,0.65982,0.34
819,817,3500,2.989,3.51
819,820,1500,2.745,3.52
819,829,3000,2.93815,3.79
820,274,49500,0.86267,0.0
820,818,1500,2.80865,4.26
820,819,1500,2.745,3.52
820,830,500,3.05061,4.75
820,869,1500,4.440869999999999,5.66
821,275,49500,0.86267,0.0
821,815,2500,2.93054,3.58
821,822,2000,2.98962,3.95
821,823,4000,2.928,3.73
821,826,2500,2.93371,4.39
822,276,49500,0.86267,0.0
822,470,1000,3.19596,3.36
822,816,2500,2.92864,3.9
822,821,2000,2.98962,3.95
822,824,2000,2.98962,3.95
823,277,49500,0.86267,0.0
823,821,4000,2.928,3.73
823,824,2000,2.93054,3.95
823,828,3000,2.928,3.84
823,833,3000,2.92864,4.11
824,278,49500,0.86267,0.0
824,469,3000,3.54115,4.01
824,822,2000,2.98962,3.95
824,823,2000,2.93054,3.95
824,834,9000,3.05061,5.01
825,279,49500,0.86267,0.0
825,638,1000,3.0341,3.63
825,649,1500,3.05,4.01
825,826,2000,2.86765,3.68
825,827,1000,3.05061,4.35
826,280,49500,0.86267,0.0
826,638,1500,3.0008,4.8
826,821,2500,2.93371,4.39
826,825,2000,2.86765,3.68
826,828,2000,3.111,3.94
827,281,49500,0.86267,0.0
827,651,1000,2.93054,3.99
827,825,1000,3.05061,4.35
827,828,2000,2.93054,3.99
827,837,2500,2.86765,3.84
828,282,49500,0.86267,0.0
828,823,3000,2.928,3.84
828,826,2000,3.111,3.94
828,827,2000,2.93054,3.99
828,838,500,2.87283,3.63
829,283,49500,0.86267,0.0
829,457,1000,3.05061,3.65
829,468,2500,1.66609,1.33
829,819,3000,2.93815,3.79
829,834,7500,2.928,5.31
830,284,49500,0.86267,0.0
830,468,2500,1.5065899999999999,2.85
830,820,500,3.05061,4.75
830,832,500,2.867,4.11
830,872,3000,4.4979,5.96
831,285,49500,0.86267,0.0
831,457,1000,0.682,0.72
831,836,1000,2.98962,3.68
831,845,1000,4.51647,5.97
832,286,49500,0.86267,0.0
832,459,2000,1.27372,1.27
832,830,500,2.867,4.11
832,872,2000,4.39962,6.29
833,287,49500,0.86267,0.0
833,455,3000,2.1454299999999997,2.7
833,823,3000,2.92864,4.11
833,834,10500,2.93815,4.89
833,838,2000,3.05061,4.51
834,288,49500,0.86267,0.0
834,456,5500,1.96908,2.01
834,824,9000,3.05061,5.01
834,829,7500,2.928,5.31
834,833,10500,2.93815,4.89
835,289,49500,0.86267,0.0
835,455,3000,1.18441,2.85
835,836,6000,2.928,3.73
835,840,3500,2.93371,3.85
835,846,1500,4.37885,6.96
836,290,49500,0.86267,0.0
836,456,5500,1.13467,2.41
836,831,1000,2.98962,3.68
836,835,6000,2.928,3.73
836,846,2500,4.41945,6.34
837,291,49500,0.86267,0.0
837,827,2500,2.86765,3.84
837,838,3000,2.80865,3.79
837,839,2500,2.99149,4.94
837,842,2000,3.05061,3.61
838,292,49500,0.86267,0.0
838,454,3000,1.98695,1.93
838,828,500,2.87283,3.63
838,833,2000,3.05061,4.51
838,837,3000,2.80865,3.79
839,293,49500,0.86267,0.0
839,837,2500,2.99149,4.94
839,840,2000,2.92864,3.9
839,844,1500,2.93054,3.95
839,847,2000,4.49955,6.38
840,294,49500,0.86267,0.0
840,454,3000,1.2031100000000001,2.45
840,835,3500,2.93371,3.85
840,839,2000,2.92864,3.9
840,847,2500,4.59893,6.4
841,295,49500,0.86267,0.0
841,453,500,0.7446,1.48
841,663,3500,3.05061,4.16
841,842,3500,2.928,3.9
841,843,500,2.93371,4.18
842,296,49500,0.86267,0.0
842,651,2000,2.93371,4.5
842,837,2000,3.05061,3.61
842,841,3500,2.928,3.9
842,844,1500,2.928,3.9
843,297,49500,0.86267,0.0
843,665,2000,2.928,3.73
843,841,500,2.93371,4.18
843,844,3000,3.111,4.25
843,848,2000,4.575,6.45
844,298,49500,0.86267,0.0
844,839,1500,2.93054,3.95
844,842,1500,2.928,3.9
844,843,3000,3.111,4.25
844,848,3500,4.758,6.0
845,299,49500,0.86267,0.0
845,459,2000,3.6380800000000004,7.72
845,467,2500,2.2044599999999996,2.09
845,831,1000,4.51647,5.97
845,846,2500,5.80013,7.86
845,875,3000,5.9808,7.14
846,300,49500,0.86267,0.0
846,835,1500,4.37885,6.96
846,836,2500,4.41945,6.34
846,845,2500,5.80013,7.86
846,847,3500,6.0393099999999995,7.67
846,856,1500,5.91983,7.52
847,301,49500,0.86267,0.0
847,839,2000,4.49955,6.38
847,840,2500,4.59893,6.4
847,846,3500,6.0393099999999995,7.67
847,848,5000,5.97831,7.62
847,857,3500,5.79628,8.29
848,302,49500,0.86267,0.0
848,447,4000,3.81335,5.59
848,843,2000,4.575,6.45
848,844,3500,4.758,6.0
848,847,5000,5.97831,7.62
848,858,3000,5.67333,7.25
849,303,49500,0.86267,0.0
849,447,4000,2.16185,1.87
849,664,5500,4.45801,5.88
849,665,1000,4.576630000000001,6.48
849,851,2000,4.55258,7.13
849,853,2500,4.513999999999999,6.45
849,859,5500,5.73692,7.36
850,304,49500,0.86267,0.0
850,668,4500,2.989,3.84
850,851,3500,2.86765,4.8
850,852,2500,2.80666,3.67
850,854,2500,2.67358,3.38
851,305,49500,0.86267,0.0
851,669,5500,2.93054,4.62
851,849,2000,4.55258,7.13
851,850,3500,2.86765,4.8
851,853,1500,2.86765,4.11
852,306,49500,0.86267,0.0
852,850,2500,2.80666,3.67
852,853,2000,2.989,3.49
852,854,500,2.80865,3.85
852,860,2000,4.4759199999999995,6.08
853,307,49500,0.86267,0.0
853,849,2500,4.513999999999999,6.45
853,851,1500,2.86765,4.11
853,852,2000,2.989,3.49
853,860,2500,4.576630000000001,5.77
854,308,49500,0.86267,0.0
854,670,500,5.91731,10.31
854,850,2500,2.67358,3.38
854,852,500,2.80865,3.85
854,861,500,5.734,9.03
854,905,1000,4.9361,8.33
854,907,3500,4.18462,5.97
855,309,49500,0.86267,0.0
855,466,5000,2.10339,1.67
855,467,2500,3.7923199999999997,5.88
855,856,4000,5.79789,7.41
855,878,2500,5.91731,7.99
856,310,49500,0.86267,0.0
856,846,1500,5.91983,7.52
856,855,4000,5.79789,7.41
856,857,3000,5.9808,7.62
856,863,2000,5.92203,7.07
857,311,49500,0.86267,0.0
857,847,3500,5.79628,8.29
857,856,3000,5.9808,7.62
857,858,3000,5.91983,7.46
857,885,3500,6.22469,7.39
858,312,49500,0.86267,0.0
858,446,8500,1.41882,2.41
858,848,3000,5.67333,7.25
858,857,3000,5.91983,7.46
858,886,5000,6.42356,7.67
859,313,49500,0.86267,0.0
859,446,8500,4.74469,5.21
859,849,5500,5.73692,7.36
859,860,4000,5.734,8.17
859,887,4000,6.4706,9.21
860,314,49500,0.86267,0.0
860,852,2000,4.4759199999999995,6.08
860,853,2500,4.576630000000001,5.77
860,859,4000,5.734,8.17
860,861,2500,3.66203,4.69
860,888,3500,6.2580800000000005,8.33
861,315,49500,0.86267,0.0
861,854,500,5.734,9.03
861,860,2500,3.66203,4.69
861,888,4000,6.78527,9.06
861,907,1500,4.6592199999999995,6.57
861,910,1500,6.751189999999999,9.61
862,316,49500,0.86267,0.0
862,465,3500,4.47426,4.5
862,466,5000,3.97203,5.4
862,863,1000,5.91983,8.47
862,889,500,6.28566,7.5
863,317,49500,0.86267,0.0
863,856,2000,5.92203,7.07
863,862,1000,5.91983,8.47
863,885,500,5.91826,7.05
863,890,3000,6.3451699999999995,8.98
864,318,49500,0.86267,0.0
864,732,4000,6.222,7.94
864,865,4500,5.63879,6.74
864,867,1500,6.04023,8.61
864,913,2500,16.3991,23.35
865,319,49500,0.86267,0.0
865,733,5000,5.85886,6.95
865,864,4500,5.63879,6.74
865,866,1000,5.98578,7.02
865,868,500,6.16855,12.32
866,320,49500,0.86267,0.0
866,736,3500,4.70926,6.66
866,737,2000,4.57175,5.36
866,810,2500,4.576630000000001,6.49
866,812,1000,4.53415,6.47
866,865,1000,5.98578,7.02
866,868,1500,8.153260000000001,10.37
866,869,2500,6.0467,8.23
867,321,49500,0.86267,0.0
867,864,1500,6.04023,8.61
867,868,3500,5.81071,7.39
867,870,1500,5.85727,6.87
868,322,49500,0.86267,0.0
868,865,500,6.16855,12.32
868,866,1500,8.153260000000001,10.37
868,867,3500,5.81071,7.39
868,869,2000,5.9808,7.02
868,871,2500,6.22469,8.29
869,323,49500,0.86267,0.0
869,818,1500,4.440869999999999,6.33
869,820,1500,4.440869999999999,5.66
869,866,2500,6.0467,8.23
869,868,2000,5.9808,7.02
869,872,2500,5.85727,7.96
870,324,49500,0.86267,0.0
870,867,1500,5.85727,6.87
870,871,5500,5.856319999999999,7.78
871,325,49500,0.86267,0.0
871,868,2500,6.22469,8.29
871,870,5500,5.856319999999999,7.78
871,872,2000,5.91983,6.94
871,874,2500,5.91731,7.87
872,326,49500,0.86267,0.0
872,460,3500,4.80508,5.86
872,830,3000,4.4979,5.96
872,832,2000,4.39962,6.29
872,869,2500,5.85727,7.96
872,871,2000,5.91983,6.94
873,327,49500,0.86267,0.0
873,462,1500,3.2610799999999998,3.45
873,874,2000,5.795,7.7
874,328,49500,0.86267,0.0
874,461,2000,2.4285400000000004,2.35
874,871,2500,5.91731,7.87
874,873,2000,5.795,7.7
874,875,4000,5.81071,6.81
875,329,49500,0.86267,0.0
875,460,3500,1.09969,2.21
875,845,3000,5.9808,7.14
875,874,4000,5.81071,6.81
875,878,1000,5.73919,8.17
876,330,49500,0.86267,0.0
876,462,1500,2.74025,4.35
876,877,1500,5.80655,7.71
876,879,1000,6.1613,8.12
877,331,49500,0.86267,0.0
877,461,2000,3.93675,5.87
877,876,1500,5.80655,7.71
877,878,1000,5.74632,7.62
877,880,2000,5.734,7.79
878,332,49500,0.86267,0.0
878,855,2500,5.91731,7.99
878,875,1000,5.73919,8.17
878,877,1000,5.74632,7.62
878,881,4500,6.22469,7.94
879,333,49500,0.86267,0.0
879,876,1000,6.1613,8.12
879,880,500,5.856319999999999,7.78
879,882,1000,5.917000000000001,7.87
880,334,49500,0.86267,0.0
880,877,2000,5.734,7.79
880,879,500,5.856319999999999,7.78
880,881,2500,5.87155,7.8
880,883,1000,5.856319999999999,7.01
881,335,49500,0.86267,0.0
881,465,3500,1.54319,2.48
881,878,4500,6.22469,7.94
881,880,2500,5.87155,7.8
881,884,3000,6.10122,7.09
882,336,49500,0.86267,0.0
882,879,1000,5.917000000000001,7.87
882,883,1000,5.79628,7.7
883,337,49500,0.86267,0.0
883,464,2000,2.78804,3.92
883,880,1000,5.856319999999999,7.01
883,882,1000,5.79628,7.7
884,338,49500,0.86267,0.0
884,464,2000,3.36165,3.18
884,881,3000,6.10122,7.09
884,889,1500,5.91983,7.86
885,339,49500,0.86267,0.0
885,445,1000,4.73644,6.37
885,857,3500,6.22469,7.39
885,863,500,5.91826,7.05
885,892,500,6.93578,8.3
886,340,49500,0.86267,0.0
886,445,1000,1.64248,1.05
886,858,5000,6.42356,7.67
886,887,500,5.734,6.84
886,892,1000,5.67136,6.8
887,341,49500,0.86267,0.0
887,859,4000,6.4706,9.21
887,886,500,5.734,6.84
887,888,1500,6.59506,7.89
887,893,500,5.79628,6.87
888,342,49500,0.86267,0.0
888,860,3500,6.2580800000000005,8.33
888,861,4000,6.78527,9.06
888,887,1500,6.59506,7.89
888,894,1000,5.79628,6.94
888,910,2000,6.25183,7.51
889,343,49500,0.86267,0.0
889,862,500,6.28566,7.5
889,884,1500,5.91983,7.86
889,895,500,7.15366,8.59
890,344,49500,0.86267,0.0
890,863,3000,6.3451699999999995,8.98
890,891,1000,6.26432,7.52
890,896,2000,6.893269999999999,8.26
891,345,49500,0.86267,0.0
891,890,1000,6.26432,7.52
891,896,500,7.393839999999999,8.87
891,897,1500,4.69105,5.63
891,899,1000,6.00068,7.18
892,346,49500,0.86267,0.0
892,885,500,6.93578,8.3
892,886,1000,5.67136,6.8
892,897,1000,4.2739199999999995,5.06
893,347,49500,0.86267,0.0
893,887,500,5.79628,6.87
893,894,2000,6.59506,7.82
893,898,2000,6.246169999999999,7.48
893,901,500,9.5326,11.38
894,348,49500,0.86267,0.0
894,888,1000,5.79628,6.94
894,893,2000,6.59506,7.82
894,910,500,8.845,10.63
895,349,49500,0.86267,0.0
895,889,500,7.15366,8.59
895,896,500,6.29365,7.51
896,350,49500,0.86267,0.0
896,890,2000,6.893269999999999,8.26
896,891,500,7.393839999999999,8.87
896,895,500,6.29365,7.51
896,899,500,7.72198,9.23
897,351,49500,0.86267,0.0
897,443,500,1.00973,1.3
897,891,1500,4.69105,5.63
897,892,1000,4.2739199999999995,5.06
897,899,500,5.47133,6.6
898,352,49500,0.86267,0.0
898,442,500,6.25094,6.49
898,443,500,3.82164,3.98
898,893,2000,6.246169999999999,7.48
898,900,1500,4.67835,5.6
899,353,49500,0.86267,0.0
899,442,500,1.5444,2.78
899,891,1000,6.00068,7.18
899,896,500,7.72198,9.23
899,897,500,5.47133,6.6
900,354,49500,0.86267,0.0
900,898,1500,4.67835,5.6
900,901,500,6.584039999999999,7.89
901,355,49500,0.86267,0.0
901,893,500,9.5326,11.38
901,900,500,6.584039999999999,7.89
902,356,49500,0.86267,0.0
902,513,3500,3.14017,3.59
902,541,2500,3.77264,8.02
902,542,10500,2.16614,4.21
902,660,4500,3.4721800000000003,6.04
902,661,3500,3.7454199999999997,7.95
902,670,500,6.92961,10.36
903,357,49500,0.86267,0.0
903,514,3000,2.5627299999999997,2.61
903,516,6000,7.21375,8.96
903,542,10500,4.21298,6.14
903,543,3500,0.9068299999999999,1.4
903,544,5000,3.2826800000000005,5.39
904,358,49500,0.86267,0.0
904,544,5000,2.51953,3.25
904,906,4500,5.72881,8.14
905,359,49500,0.86267,0.0
905,513,3500,5.8981,9.12
905,514,3000,6.7169300000000005,11.27
905,670,1000,4.72268,10.0
905,854,1000,4.9361,8.33
905,906,3000,7.74724,9.68
905,907,5000,5.68905,7.1
906,360,49500,0.86267,0.0
906,516,6000,1.11981,1.62
906,904,4500,5.72881,8.14
906,905,3000,7.74724,9.68
906,908,3500,6.00316,7.63
906,909,1500,6.31873,11.48
906,931,500,22.6543,14.78
907,361,49500,0.86267,0.0
907,854,3500,4.18462,5.97
907,861,1500,4.6592199999999995,6.57
907,905,5000,5.68905,7.1
907,908,3000,5.61498,7.76
907,910,2500,8.91122,11.06
908,362,49500,0.86267,0.0
908,517,2500,1.64248,2.55
908,906,3500,6.00316,7.63
908,907,3000,5.61498,7.76
908,911,2500,8.92687,11.42
908,912,1500,8.005889999999999,12.32
909,363,49500,0.86267,0.0
909,517,2500,4.31335,4.39
909,906,1500,6.31873,11.48
909,912,1500,6.6291,9.83
910,364,49500,0.86267,0.0
910,861,1500,6.751189999999999,9.61
910,888,2000,6.25183,7.51
910,894,500,8.845,10.63
910,907,2500,8.91122,11.06
910,911,4500,4.70056,7.03
911,365,49500,0.86267,0.0
911,518,3500,3.6273199999999997,5.26
911,908,2500,8.92687,11.42
911,910,4500,4.70056,7.03
912,366,49500,0.86267,0.0
912,518,3500,2.16614,1.64
912,908,1500,8.005889999999999,12.32
912,909,1500,6.6291,9.83
913,367,49500,0.86267,0.0
913,417,3500,3.12711,3.45
913,708,3000,16.7325,20.04
913,714,3500,11.385,13.61
913,720,3000,7.75444,9.25
913,726,4000,7.532939999999999,9.38
913,801,3500,20.8982,24.92
913,864,2500,16.3991,23.35
914,368,49500,0.86267,0.0
914,389,2500,3.3019,3.96
914,780,2000,11.5535,13.52
914,785,2500,7.747960000000001,9.24
914,793,2000,7.3111,8.7
914,915,500,15.3899,21.86
915,369,49500,0.86267,0.0
915,914,500,15.3899,21.86
915,916,500,5.856,7.84
916,370,49500,0.86267,0.0
916,780,500,6.20793,7.93
916,915,500,5.856,7.84
916,917,1000,5.795,7.64
917,371,49500,0.86267,0.0
917,781,1000,6.21901,7.44
917,782,3000,6.894080000000001,8.24
917,916,1000,5.795,7.64
917,918,500,6.1003,8.14
918,372,49500,0.86267,0.0
918,782,500,6.39191,9.5
918,783,500,6.726889999999999,9.98
918,917,500,6.1003,8.14
918,919,1500,5.978,7.89
919,373,49500,0.86267,0.0
919,783,1500,6.33608,9.0
919,784,2500,5.770230000000001,7.35
919,918,1500,5.978,7.89
919,920,3000,5.734,6.88
919,924,1000,8.538689999999999,10.18
920,374,49500,0.86267,0.0
920,738,1500,5.81551,8.24
920,740,2000,4.84825,7.59
920,919,3000,5.734,6.88
920,921,1500,5.97831,7.14
921,375,49500,0.86267,0.0
921,418,2000,2.33798,3.86
921,739,2000,4.60136,5.84
921,743,2500,6.674410000000001,8.94
921,920,1500,5.97831,7.14
922,376,49500,0.86267,0.0
922,418,2000,4.2529699999999995,4.77
922,743,1000,6.4947099999999995,9.71
922,744,1500,5.019819999999999,6.24
923,377,49500,0.86267,0.0
923,418,5000,10.3917,8.98
924,378,49500,0.86267,0.0
924,919,1000,8.538689999999999,10.18
925,379,49500,0.86267,0.0
925,390,3500,7.0602100000000005,6.93
926,380,49500,0.86267,0.0
926,417,3500,6.52016,6.29
927,381,49500,0.86267,0.0
927,462,3500,7.7268,7.78
928,382,49500,0.86267,0.0
928,463,3500,16.654,15.96
929,383,49500,0.86267,0.0
929,442,3500,32.8818,6.31
930,384,49500,0.86267,0.0
930,518,3500,38.3558,9.32
931,385,49500,0.86267,0.0
931,906,500,22.6543,14.78
932,386,49500,0.86267,0.0
932,515,5000,10.4426,5.93
933,387,49500,0.86267,0.0
933,534,3500,6.10762,5.96
