4989.1409061853765,0.0
0.0,0.0
0.0,0.0
0.0,0.0
0.0,0.0
0.0,0.0
8.125155884601448,0.0
0.0,0.0
6703.016854027979,0.0
0.0,0.0
0.0,0.0
0.0,0.0
0.0,0.0
0.0,0.0
0.0,0.0
0.0,0.0
0.0,0.0
0.0,0.0
0.0,0.0
0.0,0.0
0.0,0.0
0.0,0.0
0.0,0.0
0.0,0.0
0.0,0.0
0.0,0.0
0.0,0.0
0.0,0.0
0.0,0.0
3788.6140297987004,0.0
0.0,0.0
0.0,0.0
0.0,0.0
0.0,0.0
0.0,0.0
0.0,0.0
0.0,0.0
0.0,0.0
0.0,0.0
0.0,0.0
0.0,0.0
0.0,0.0
1222.7600912372864,0.0
2658.8780477813893,0.0
0.0,0.0
0.0,0.0
0.0,0.0
0.0,0.0
0.0,0.0
0.0,0.0
0.0,0.0
0.0,0.0
0.0,0.0
1746.1632960400666,0.0
0.0,0.0
0.0,0.0
1870.2468497066345,0.0
0.0,0.0
0.0,0.0
0.0,0.0
0.0,0.0
0.0,0.0
0.0,0.0
0.0,0.0
0.0,0.0
0.0,0.0
0.0,0.0
0.0,0.0
0.0,0.0
0.0,0.0
0.0,0.0
0.0,0.0
0.0,0.0
0.0,0.0
0.0,0.0
0.0,0.0
0.0,0.0
0.0,0.0
0.0,0.0
0.0,0.0
8352.049999999974,0.0
4648.044755874741,0.0
0.0,0.0
0.0,0.0
0.0,0.0
0.0,0.0
0.0,0.0
0.0,0.0
0.0,0.0
0.0,0.0
4944.191061996933,0.0
0.0,0.0
0.0,0.0
0.0,0.0
0.0,0.0
0.0,0.0
0.0,0.0
0.0,0.0
0.0,0.0
0.0,0.0
0.0,0.0
0.0,0.0
0.0,0.0
0.0,0.0
0.0,0.0
0.0,0.0
0.0,0.0
0.0,0.0
0.0,0.0
0.0,0.0
0.0,0.0
0.0,0.0
0.0,0.0
1068.5197181811036,0.0
7044.103399711074,0.0
0.0,0.0
0.0,0.0
0.0,0.0
0.0,0.0
0.0,0.0
0.0,0.0
0.0,0.0
0.0,0.0
0.0,0.0
0.0,0.0
0.0,0.0
0.0,0.0
0.0,0.0
0.0,0.0
0.0,0.0
0.0,0.0
0.0,0.0
0.0,0.0
0.0,0.0
0.0,0.0
0.0,0.0
0.0,0.0
0.0,0.0
0.0,0.0
0.0,0.0
2982.9904899011103,0.0
0.0,0.0
2858.0515510067803,0.0
0.0,0.0
7191.339999999998,0.0
0.0,0.0
0.0,0.0
0.0,0.0
0.0,0.0
0.0,0.0
0.0,0.0
0.0,0.0
0.0,0.0
0.0,0.0
4469.099999999983,0.0
0.0,0.0
0.0,0.0
0.0,0.0
0.0,0.0
0.0,0.0
0.0,0.0
0.0,0.0
0.0,0.0
0.0,0.0
0.0,0.0
0.0,0.0
0.0,0.0
0.0,0.0
156.88195659546227,0.0
0.0,0.0
0.0,0.0
0.0,0.0
0.0,0.0
0.0,0.0
0.0,0.0
0.0,0.0
0.0,0.0
0.0,0.0
0.0,0.0
0.0,0.0
0.0,0.0
0.0,0.0
0.0,0.0
0.0,0.0
0.0,0.0
0.0,0.0
0.0,0.0
0.0,0.0
0.0,0.0
0.0,0.0
0.0,0.0
0.0,0.0
0.0,0.0
0.0,0.0
0.0,0.0
0.0,0.0
0.0,0.0
0.0,0.0
0.0,0.0
0.0,0.0
0.0,0.0
0.0,0.0
0.0,0.0
0.0,0.0
0.0,0.0
0.0,0.0
0.0,0.0
0.0,0.0
0.0,0.0
0.0,0.0
0.0,0.0
0.0,0.0
0.0,0.0
0.0,0.0
0.0,0.0
0.0,0.0
0.0,0.0
0.0,0.0
0.0,0.0
0.0,0.0
0.0,0.0
0.0,0.0
0.0,0.0
0.0,0.0
0.0,0.0
0.0,0.0
0.0,0.0
0.0,0.0
0.0,0.0
0.0,0.0
0.0,0.0
0.0,0.0
0.0,0.0
0.0,0.0
0.0,0.0
0.0,0.0
0.0,0.0
0.0,0.0
0.0,0.0
0.0,0.0
0.0,0.0
0.0,0.0
0.0,0.0
0.0,0.0
0.0,0.0
0.0,0.0
0.0,0.0
0.0,0.0
2428.979999999998,0.0
0.0,0.0
102.6668451754694,0.0
0.0,0.0
0.0,0.0
0.0,0.0
0.0,0.0
0.0,0.0
0.0,0.0
0.0,0.0
0.0,0.0
0.0,0.0
0.0,0.0
523.1466195358245,0.0
0.0,0.0
0.0,0.0
0.0,0.0
0.0,0.0
0.0,0.0
0.0,0.0
0.0,0.0
0.0,0.0
0.0,0.0
579.3300195566084,0.0
0.0,0.0
0.0,0.0
0.0,0.0
0.0,0.0
0.0,0.0
0.0,0.0
950.8076387711503,0.0
0.0,0.0
0.0,0.0
0.0,0.0
0.0,0.0
0.0,0.0
0.0,0.0
0.0,0.0
0.0,0.0
5301.060000000005,0.0
0.0,0.0
0.0,0.0
0.0,0.0
0.0,0.0
0.0,0.0
0.0,0.0
0.0,0.0
1253.0382809761836,0.0
0.0,0.0
0.0,0.0
0.0,0.0
408.6400051313341,0.0
0.0,0.0
0.0,0.0
0.0,0.0
0.0,0.0
0.0,0.0
0.0,0.0
0.0,0.0
0.0,0.0
0.0,0.0
0.0,0.0
0.0,0.0
0.0,0.0
0.0,0.0
0.0,0.0
0.0,0.0
0.0,0.0
0.0,0.0
0.0,0.0
0.0,0.0
0.0,0.0
0.0,0.0
0.0,0.0
0.0,0.0
138.09450880594824,0.0
0.0,0.0
0.0,0.0
0.0,0.0
0.0,0.0
664.7099999999994,0.0
0.0,0.0
0.0,0.0
0.0,0.0
0.0,0.0
0.0,0.0
0.0,0.0
0.0,0.0
0.0,0.0
0.0,0.0
0.0,0.0
0.0,0.0
0.0,0.0
0.0,0.0
177.55428352040175,0.0
0.0,0.0
0.0,0.0
0.0,0.0
0.0,0.0
0.0,0.0
0.0,0.0
0.0,0.0
0.0,0.0
0.0,0.0
0.0,0.0
0.0,0.0
0.0,0.0
0.0,0.0
0.0,0.0
0.0,0.0
0.0,0.0
0.0,0.0
0.0,0.0
0.0,0.0
0.0,0.0
0.0,0.0
0.0,0.0
0.0,0.0
0.0,0.0
0.0,0.0
0.0,0.0
0.0,0.0
0.0,0.0
0.0,0.0
0.0,0.0
0.0,0.0
0.0,0.0
0.0,0.0
0.0,0.0
188.99999999999943,0.0
0.0,0.0
83.60971519659877,0.0
0.0,0.0
0.0,0.0
0.0,0.0
0.0,0.0
0.0,0.0
0.0,0.0
0.0,0.0
0.0,44.36
61.96246393433316,23.92
0.0,11.6
61.962462878949346,19.12
0.0,17.36
0.0,38.32
38.799239032957566,15.84
0.0,44.36
131.69999999999973,17.36078340092453
0.0,27.72
61.96246393433316,23.92
8.76143092380206E-5,16.88
292.7548368519502,2.12
511.5999134410744,25.443227345719656
1.0553837788572104E-6,16.88
9.461759960941337E-5,10.2
0.0,4.2
1.9378825011817763E-5,11.92
2.0434208790675004E-5,10.2
9.461759960941337E-5,13.68
0.0,10.48
2.2324084207805363E-5,7.48
4.275829299848042E-5,13.68
0.0017766573421046825,9.68
558.9574275867083,24.537431886046193
4.4900585709912856E-5,7.0
3.23875366823882E-4,9.68
0.001826495699437759,14.6
0.00194742527158189,15.700463868184645
0.007598842518242914,5.44
0.0030225589775040094,14.6
0.001826495699437759,8.44
0.0030225589775040094,8.44
0.0034393010695465934,9.44
29.660814742743256,12.08000001731242
4.394969485086824E-4,5.12
29.663968897650637,9.440000001753345
7003.441221810771,4.542835780912438
0.015458536198906496,10.146184179730927
0.0036082949909868943,12.24
29.66296384163808,2.88
0.02461942017355242,17.12
0.0,13.28
0.013485807534745688,3.52
0.013863021665638152,10.146184179730927
2158.6928259689025,44.027997424853105
0.004036728060968111,3.52
0.0,26.88
0.01647866203964563,25.80583103323871
0.0,6.76
0.01205210480251789,6.8
24.480760339074386,7.24
0.0,6.76
0.004062375242133333,12.240000000346896
0.003541031937925739,13.04
4.2802734618411494E-4,11.36
0.058540511981105846,81.73448749400684
0.06231765601913423,13.377535756570754
0.07188849419580784,4.501802133399289
0.005861345415484476,12.56
764.2922977004993,5.125901663900598
764.3559034723731,6.503673130517472
741.226674418132,15.57612116416929
0.0022391125139180667,4.04
741.2262774684759,15.670755257342098
741.2005705820397,20.378245475652314
0.028821232795432992,8.0
0.0034634092654635177,9.8
741.2068886214115,20.502055297155078
16.0955751340728,13.0
3710.975224102031,55.47326962503175
6.407480973336194,12.100414558632538
16.099206697744915,13.000000002414566
918.5128235796604,8.68
934.6027133072263,8.76
0.0012954591382973025,8.44
918.509923812282,8.680000001612187
0.005460052024743576,15.72
918.5098463450583,5.88
0.0011314248372946967,11.44
0.003114108144382601,15.72
1240.7141620764933,10.88
1240.746010778632,11.6
4.097712624784526E-4,4.36
1240.7503531794073,10.88
0.0017630681194385968,10.921763594564151
0.018415419841244826,12.16
107.41500048292355,4.1613510739707085
4502.562542139278,29.588495067240007
0.0017282588861035832,10.441686073923968
0.004458330037966718,10.584274958662503
0.001706197469415658,10.481692533977318
5.046347105184451E-6,13.4
3.6898456364444015E-5,2.6
0.0016398973577010938,10.481692533977318
0.001706197469415658,16.4026486218729
0.0,13.16
0.0,2.16
7.30935646921436E-6,16.4
1.280545378118025E-5,22.68
0.0,19.2
0.0,12.04
7.30935646921436E-6,22.68
1.280545378118025E-5,20.6
5.496097311965868E-6,6.16
0.0,21.12
1.280545378118025E-5,20.6
0.0,39.36
4.4728116899496345E-5,13.852634078605062
371.00004472811725,25.406080764810287
0.0,21.08
0.0,15.44
3.483367705194795E-4,19.08
0.0,35.92
3.483367705194795E-4,21.08
0.0034386237241372302,17.88
9.413008328677836E-5,20.28
0.0,5.76
4.424668538062581E-4,17.88
0.0034451859749259762,13.16
563.4680484644259,10.28
6.562250788733524E-6,6.72
4.490291045949889E-4,13.16
0.005364217165352955,14.12
0.0018740601803735012,3.76
0.0,11.44
0.0023230892849685,14.12
1784.20440095796,12.784803865655046
0.0035168810682380714,3.48
0.0019048988653669083,14.44
0.007744869218573466,12.44
4407.259099218602,14.100282076912158
2002.8347571345516,43.97602881692675
5.66954187221707E-5,16.32
3130.6908135848753,14.100282076912158
829.5576256862786,13.24
1574.8616638949582,5.2
0.001298015864603473,14.88
1.1871305928234335,13.24
0.005791012795698897,6.84
829.5591033765025,10.48
1.7471240419988265E-4,5.92
0.004184176934617216,6.84
0.0035345443204696115,4.44
0.0032631663473591567,19.28
0.0035133758800833907,4.44
0.004543578554755688,14.0
4.972645056887612E-4,5.72
0.0,10.6
0.0018199494618441718,14.0
0.002605884488642638,3.12
0.005865662669709666,4.16
0.001345607119069952,3.12
0.0,2.52
0.0024184616652742174,9.56
7.748992472187957E-4,11.08
0.0,2.52
0.004402310946370769,4.16
0.001738982166254223,14.08
1860.5335977710088,7.295017912241347
364.0243374718745,11.64
5222.947401196214,16.5946418155325
102.02681181081907,10.48
3.939430081320513E-4,12.64
0.0010284662846997675,5.32
17.53245888608435,10.48
17.486983876366175,9.4
84.5482486761006,13.6
4.2867784637981414E-4,6.0
17.480202090677132,9.4
17.48560854958646,12.28
0.001913850188274992,16.48
0.00482967409327872,2.6
17.479436485037382,12.28
18.754612752697184,7.68
0.030662525464440274,3.56
0.026774012115486634,15.72
17.47391012395493,7.68
2591.3050438215023,12.32
2579.98867906423,4.08
2561.234066311533,12.32
54.70688681602142,16.56
2536.6097193700944,2.48
9.578645911216613E-4,28.72
25.047263062439587,16.56
25.018158851190957,9.6
0.002878494927936092,32.68
29.69166614345432,8.44
0.004699629113006325,6.72
25.016081971147564,9.6
0.01181517544069246,10.12
0.00791926103843862,10.88
0.015393364993265421,7.76
6810.6290094320575,15.345664184607315
0.007455838565153034,10.52
0.01760254958373585,10.56
0.012081318570756307,7.52
0.0016774989266637025,19.28
0.010786330938491084,10.52
0.04353579495187752,12.76
0.0022753000363918818,2.88
4.5110373403722413E-4,14.36
29.659384508669284,25.96
0.0,11.12
0.0,25.24
0.0,14.36
4.5110373403722413E-4,17.8
0.0,5.2
0.0,15.92
0.0,17.8
4.5110373403722413E-4,20.0
0.0,20.0
70.45031628955203,25.08000061754783
70.44999999999983,25.480094148774754
0.0,4.2
70.44986518581788,25.08000061754783
70.45074219849468,23.12000056928652
4.225944776900939E-4,9.64
0.0,20.84
6.0833815655193925E-5,23.12000056928652
191.23635117333563,15.92
2.0456230357030532E-4,22.36
610.4975436187524,7.480302905952025
191.23320464372213,15.92
29.945391353811317,13.12
0.002754946557527427,11.12
1137.7600087798319,4.687839124824919
29.94495690575263,13.12
29.946303760476358,8.0
0.0,11.64
9.105194241722614E-4,5.64
29.945825599026268,8.0
29.961904823587396,5.76
0.0035413215709670497,18.24
0.002051411923333021,15.2
29.950478410054853,5.76
202.34641439724135,8.72
2.7558080299221344E-6,7.24
172.3844439108095,9.92
202.33492232086363,8.72
3749.8324563425163,9.28
2.7555014875700876,8.68
3.0862880061035103,9.12
0.003473639604022803,18.24
1566.606022231043,41.08
7.887852872751381E-5,11.28
0.00501612430960343,5.92
497.20860440931267,41.08
15.139314925197414,12.92
1551.4684328547955,7.72
6.974473141213305E-5,9.8
17.25430010325711,12.92
15.139146487392354,10.8
3.877547421710872E-6,10.8
1.7122264983804767E-4,11.4
15.13884284074459,10.8
2033.0978268938532,11.72
2048.235456870096,8.04
0.0,9.64
2033.0963446860499,11.72
2033.098422721571,6.001170844396219
0.0,14.6
3.311812700514005E-4,2.88
2033.0969405137728,6.001170844396219
195.10086135220286,5.720268000818354
2.739067255923378E-4,20.68
1.6438759665962798E-4,11.640000009004439
195.09941344774785,5.720268000818354
195.09941344774785,18.643637423257587
0.0014479044548843687,5.08
0.0,30.88
195.09941344774785,18.643637423257587
859.8079009460148,25.2
302.66981468191835,23.44
664.6478027584062,8.841725044077096
1162.4169686484695,25.2
1437.6948908244517,21.560330104297787
0.06140800707627766,9.4
351.73488778831455,23.483371729374014
1514.213323945884,21.560330104297787
0.0,13.8
18.327158402649648,17.400000057316355
0.0,31.12
0.0,15.6
0.0,63.84
0.0,15.6
0.0,28.84
0.0,15.68
203.0695319914006,12.72
1731.8530941971421,29.108101782509117
0.0,22.96
14.455188315215622,18.0
0.0017174876405073303,9.92
0.0,22.96
1.6438759665962798E-4,21.320000016492667
0.0,6.68
0.0,21.6
3.979142476469387E-4,20.680000015997575
0.0,21.32
0.0,8.36
2.739067255923378E-4,23.52
6.076729878144182E-6,11.64
1.6438759665962798E-4,11.680000009035382
0.8976697993441426,5.32
0.8962218948892592,11.4
6.076729878144182E-6,11.68
1.6438759665962798E-4,10.920000008447463
0.0,1.36
0.0,16.04
6.076729878144182E-6,10.92
0.001440037632042188,16.48000001274855
174.4948041109491,2.96
174.49558587920492,13.44
174.49480960146798,16.48
1.3120708897811888,11.680000009035382
0.7806131092484221,15.36
1.3120199068042104,2.44
1.3120187812954376,11.68
0.0026587607305557683,7.000000001300151
1.3101904450779083,5.56
3.617715751635041E-4,8.88
0.002085197329911624,7.0
0.004621217277514364,12.920000002399707
0.023454127410760608,12.68
3.962510195024211E-5,17.56
5.911775713291615E-4,5.76
0.02051053619819932,12.92
4.429778894032272E-4,13.280000002466572
1568.17226014164,9.67934158482813
1568.1620903271416,13.707738082560068
0.00708672965659277,12.68
0.016259885813807586,6.72
1545.3681498398437,17.232585018075515
0.0,6.96
0.011686950387732285,6.72
0.01629951091575781,14.84
0.0,8.08
0.0013402484854708376,11.16
0.01302719887320311,14.84
2350.9387481834706,10.12
3364.9559477971884,3.52
2350.8361485930013,3.8
5715.775796879281,10.12
5181.551670982684,12.96
0.09597877567473083,7.64
0.01093052486841988,10.76
5715.774548317972,12.96
5184.206284630701,5.28
2.6791193695980584,8.48
0.015456914634969385,7.52
5718.421987627454,5.28
4864.870346122157,5.64
0.0010161410420537946,6.72
2.446577762322547,8.52
317.04486764053587,8.12
4864.861630450215,5.64
0.0,2.16
0.03364728666461033,6.68
4864.881345865875,9.68
0.0,2.16
9.112753905893009E-4,6.72
0.010999743716459384,6.68
0.002899373841721596,13.32
0.033419227430549744,2.0
11.894053912503104,8.52
5983.4624687212545,28.268641937772657
6398.889816032711,12.380502442151801
0.4111482178126112,14.6
5861.943499117996,28.268641937772657
2652.6925170707846,10.64
1436.0468318217227,6.72
4645.3409260072585,16.005029818137
841.8219150247104,8.12
0.030066377312806983,1.16
305.9390753310968,8.88
11.105423635195574,9.6
0.028190826229311638,10.6
0.02618235785213242,16.48
0.006388413403057735,5.44
5.306357937553019E-4,12.16
764.2866510403471,4.093446198722861
0.02940880008890192,10.6
1960.5010197855786,11.88
4.50508954480532E-4,11.08
2652.6994967270703,10.64
4497.001546864441,4.244122566125224
1844.3540984583753,10.843987472890507
0.014478398953533223,16.92
4497.005931393843,4.244122566125224
0.012126707108871357,10.44
0.004274478512754821,14.36
0.004181900878657473,15.2
0.014373696450686655,10.44
0.0011860979980594063,11.36
0.0029329312994149353,12.8
0.011595452472074268,2.4
0.004065901892033279,11.36
0.0011860979980594063,5.48
0.0,12.36
0.0,1.96
0.002823772655018249,5.48
29.67046200412802,8.96
0.013240784116506836,7.76
0.0,5.04
0.0038936766054604517,5.48
0.014486151782989122,8.96
29.675580440911816,11.24
0.0023759277614679108,4.0
0.0035839393050193682,9.32
0.02042727654957829,11.24
5244.595493238646,10.24
3161.7226165102875,18.76
8.808218442160308,3.76
2608.778953945452,4.08
8297.051607753881,10.24
2564.147625877273,5.2
2.8931610000752825,14.84
29.673169582735472,7.76
0.013240784116506836,2.64
29.673169582735472,2.64
0.007468071015209374,5.36
0.008723726601928954,6.44
0.007981121025896525,5.36
0.007468071015209374,11.36
0.003176259765532634,6.24
0.0,9.28
0.0111240828484383,11.36
1772.2435861319325,14.44
5916.659075698521,10.543453384001436
1.1979799750905644,5.44
1772.224938193499,14.44
0.0059742997830470055,13.96
1772.240807830144,9.96
0.002404957403976676,2.48
0.006736753923591344,13.96
0.006017002992566966,15.48
0.0033934521879173383,6.68
0.02029790800485925,15.64
0.10438930825095692,3.52
0.01285785905474047,15.48
0.06997649483924719,2.08
3365.289172927109,14.0
2350.847386074105,3.8
0.08491117394295404,2.08
2395.9376835386993,14.04
2937.89310881819,1.8775941511352712
5303.191968371766,14.85407107237485
0.031731155808594515,9.68
2391.70102366021,5.92
0.0040708571615439134,9.68
0.010290976273276365,9.68
4.124697928819305E-4,15.68
0.008175885580998993,7.2
0.039373641259253224,10.36
6.134287176336347E-4,15.68
2.155850651200302E-4,31.44
0.0,32.36
1.9688472776190047E-4,6.04
0.013067345972716273,15.2
5.558471021044754E-4,31.44
0.0018942500032403781,9.64
0.013250446089608108,9.64
2046.133629432484,12.96
2359.5900969127088,2.36
0.0071659607544630475,20.2
6628.760321904822,17.801058258224725
1937.083730904789,1.2
208.71291571738018,1.48
109.0644028118859,16.32
556.4219648626894,1.2
194.3710396238468,8.84
2439.026116004324,12.48
2.362992564644488E-4,18.8
502.0088952542072,8.84
0.004212244278806875,14.92
1487.6305915620958,2.32
213.2889893272927,29.92
213.29264625145606,14.92
0.004212244278806875,21.24
6.475484361365583E-5,14.36
0.0,36.48
171.8032828986952,21.24
0.0,17.72
0.004212244278806875,10.44
0.0,45.08
171.8032828986952,17.72
0.0,23.08
29.659319587891968,6.44
0.0,1.16
201.462602486587,23.72
201.462602486587,23.08
0.0,24.28
0.0,35.84
0.0,6.48
201.462602486587,24.28
0.0,26.56
0.0,10.2
0.0,17.56
201.46243842930673,26.56
0.0,21.04
0.0,6.56
0.0,37.28
0.0,3.0
2529.2435913081968,11.561241919537274
0.0011230210752724455,2.56
0.0024603449261673634,12.56
0.0,3.0
750.7263925908355,12.48
310.1806224590688,10.892861561936163
1380.68567871485,2.521072034535634
0.0023235705233710375,15.72
3.3804028088088296E-4,18.8
2.362992564644488E-4,29.24
3.3804028088088296E-4,29.24
6.041128395229365,8.96
369.2652541901849,0.480212876385616
552.6775798051569,12.96
10.024368410678223,17.68
5.191702840550576E-4,18.68
363.4742537935648,6.32
758.0881036061619,9.28
373.23849233232585,12.96
179.7037937058393,10.28
4524.6302296399435,10.04
9.06092384708613,24.04
29.659342452290318,39.36
0.0,1.76
0.0,12.92
29.659342452290318,24.04
83.9007711391982,2.6
3755.465794755724,19.037379399941255
0.0,16.96
1431.5431883115964,41.918363114490866
1690.478872275604,5.72
16.97018092995724,22.68
2380.635529611569,4.078585696523269
1398.7689731263424,5.85017563796992
1660.8159515063887,8.2
29.67160618548396,4.88
369.2653559312088,8.9639736925315
1398.7623203216474,8.386615425061771
1.9172713355365407E-4,10.964860677471567
2378.8827374474313,11.24
0.015338220964166344,4.88
29.668139475210204,6.6
0.0034667102737475195,13.68
0.0,11.8
0.008762882349557828,6.6
29.668139475210204,6.04
0.0,11.8
0.0,8.92
29.668139475210204,6.44
0.008762882349557828,6.04
0.0,5.04
0.0,11.92
0.0,6.44
29.659319587891968,13.24
0.0,23.84
0.005491346906038896,32.68
0.027899782716872913,1.16
0.025736100469963576,16.48
0.03228876675214794,8.44
29.6934458934258,12.92
8.206309104761539E-4,6.08
29.690322979211047,17.12
0.03168306443214818,12.92
8.616070843005296E-4,13.24
0.010432172807009279,3.24
918.5091821026583,5.880000001092127
0.0010979396205728353,13.28
918.5181097839069,1.8
5.0369865645238364E-5,16.72
0.0012418437417784874,11.44
0.0019864266833702756,13.32
0.0016575300999431128,2.48
1.51823799304601E-4,19.52
0.003917280298268218,6.72
0.0,2.24
0.004699629113006325,7.0
2634.22774253548,1.76
1.546296805442072E-4,23.04
0.0,32.08
74.83565791223143,2.6
83.9007711391982,16.84
0.0,24.56
29.659319587891968,15.88
0.0,13.24
0.0,5.6
0.0,1.16
0.0,21.56
0.0,13.0
6.041128395229365,0.48
369.26481003941655,17.68
2.362992564644488E-4,14.44
133.379276787317,6.006496471729005
0.0,12.92
0.0,16.96
0.010906185382709824,0.0
1.2814595735243297,13.04
0.025091202912819657,19.56
935.5506031989341,11.56
0.0,0.0
0.021173316652845595,13.04
0.0028735662793121196,23.24
1.2736449905642167,17.96
0.005604636189413917,14.08
0.0,0.0
1.2809552718937915,19.56
0.015820822724364015,13.12
0.03383670583171131,16.84
0.0,0.0
0.0023882252362907707,23.24
2177.582448611412,13.12
4191.6998538524,31.396030345892527
0.028159876290150265,31.08
5245.780407513683,15.68
92.4520392230279,21.6
0.0,0.0
0.013860594406627343,18.76
1360.673072986124,16.846848922239587
0.003107543156480393,20.72
0.0015784049885360048,12.32
0.0,0.0
1.3169238111028874,3.56
0.018287219886490014,17.96
0.00410175538277549,31.08
0.05233553106962221,18.24
1.7475398425673453E-4,17.36
0.0031271939529107238,19.2
8538.385155884556,0.0
5640.070371911912,5.2
2177.590550221405,15.68
0.05826646109787331,18.24
5.150458242643014,15.88
0.0,0.0
0.015043290670094028,15.72
2536.1959442699954,2.48
0.014508512696648341,20.16
5.750006893123126E-4,19.88
1120.4102989009207,23.16
1416.2102778343672,13.56
3.56685402799732,0.0
8.210528756925616,25.44
3.5565468303284242,19.571478062086783
5.054176013931274,10.72
1415.7911612452967,6.32
0.0,0.0
0.0033792083102019933,28.72
8.216804361900058,14.84
7.789723071175687,25.44
0.002906701518778671,23.68
0.03991606906250417,22.52
1.5598871296041106E-4,37.12
0.0,0.0
0.0067241890882385035,14.36
0.004153027159224426,23.68
0.002182513380143998,15.96
0.0,22.56
2.4886354428555526E-4,37.0
0.005428623046885774,15.0
0.0,0.0
0.0031681588252051858,12.8
0.003995622570825227,15.96
0.0029329312994149353,16.12
0.002182513380143998,17.04
0.0,0.0
0.010727410394125557,2.4
7.928853169575348E-4,22.56
0.0,22.64
0.011595452472074268,18.32
0.0,24.4
0.0,0.0
88.40570667843109,3.76
0.20671739309007572,21.6
12.889277915039969,15.88
4.94287827305669,22.52
0.006441749086559415,16.12
0.0029546657035145465,17.52
0.0,0.0
0.0012421292370150682,12.36
0.005137179083658535,4.0
7.220323094710389E-4,17.04
4.117662149818082E-4,17.52
0.0,0.0
0.0,1.96
0.0,5.04
0.0,22.64
0.0,22.44
0.0,12.84
0.0,0.0
0.0,9.32
0.007438460162850979,12.32
0.0,22.44
0.0016175607361648906,8.56
0.0,0.0
0.0015784049885360048,5.48
0.0038936766054604517,8.56
3.915574762887919E-5,8.64
0.0,0.0
0.0,8.64
3.915574762887919E-5,8.32
0.0,26.2
0.0,0.0
0.00800676435918745,7.28
0.011520295711083083,18.32
3.306089332952523E-5,21.72
4.305229401210961E-4,29.12
0.0,0.0
3.306089332952523E-5,6.24
0.0,12.84
0.003176259765532634,21.72
0.0,0.0
3.915574762887919E-5,5.04
0.0,8.32
0.0,12.32
0.0,0.0
2.3704966131764335E-7,9.28
0.0,11.8
0.0,11.92
0.0,26.2
0.0,22.36
0.0,31.6
0.0,20.36
0.0,0.0
1.2168808595293066,5.44
0.0,22.36
0.0,25.96
1.1979799750905644,21.24
0.0,0.0
1772.2198258917388,9.96
0.0,25.96
0.00972425947525512,23.16
0.008012209416772139,26.92
0.0,31.04
0.009628447692168793,25.2
1772.2472971229863,17.96
0.0,0.0
2.3704966131764335E-7,31.6
1.2168808595293066,21.24
0.006445012474078807,23.16
32.77866668769665,19.64
18.019971985961263,16.8
0.15947769239642237,25.8
0.0,0.0
32.77086132923368,22.68
0.00657533861460844,13.68
0.0,20.36
16.973647640231018,19.64
0.0012300198483666,19.64
0.0,0.0
0.0,11.8
0.0,8.92
0.0,12.32
0.0,19.48
0.0,0.0
1.7185872208701582,3.52
3343.0599813843382,24.362425769981446
0.0,19.48
5.181621281849057E-4,24.2
2261.9366345713597,16.48
3788.6140297987004,0.0
33.962837142812,16.8
2492.4444437035772,25.52
1262.2986660434178,25.36
0.11074403870272145,23.2
0.02177063382356473,14.12
0.0,0.0
2363.073544141463,11.244984855363176
129.39575672261802,14.44
0.0,19.64
2378.8828255848857,25.52
1.4816180432807184E-4,18.52
0.0,0.0
9.688830892337248E-6,32.36
183.6603654591576,18.68
1390.4906463842904,25.36
0.023627140658709852,18.521253277671054
0.0054306241047559455,29.12
1032.5399201833561,25.52
1.2374390454912625,15.16
1202.9807257890766,23.40989937442788
0.0,0.0
8.88787091245369E-5,29.12
8.489940971493817E-4,17.0
363.2300447498511,20.36
5.829289596372225E-4,14.08
6.292777315049805E-4,26.52
0.0,0.0
7.219773746187898E-5,6.0
0.0,24.2
0.0,25.52
5.181621281849057E-4,17.0
0.0,39.16
1.5145658368369934E-4,25.92
0.0,0.0
0.0,16.48
0.0,39.16
2261.9366345713597,27.2
0.0,0.0
2634.227404495206,23.04
6.031703306923481E-4,20.36
1.7768954909720504E-4,25.92
0.0,27.2
2261.969784731,23.52
0.0,0.0
0.0,2.24
0.0,0.0
1.0949796963583321E-4,19.88
1772.8796507079292,18.183124794001692
1728.3984942997627,24.767674053841485
0.0034757241408188574,24.24
0.0,32.28
3.0892187996619147E-4,22.88
0.0,29.92
0.0,40.6
118.39946858810679,42.56
0.0,0.0
0.07077299990574988,6.8
0.008869939904412844,16.04
0.0011470845383589666,18.52
0.0020581653157644452,15.52
0.0,0.0
5.248701603461171E-4,24.6
0.007928513639669899,16.04
2.4666481266260223E-6,17.76
29.659970668054175,15.320000021955819
0.0,0.0
0.002498520387923096,3.52
0.0056084828811366816,18.52
1.8263322868934975E-5,18.92
0.004518518152265521,21.48
0.0,16.48
0.0,0.0
0.0018581613331081516,12.08
2.9191216493466393E-4,24.24
29.66054109390112,17.760000002253037
0.0016200294558373189,18.92
7694.640091237273,0.0
0.1712801317527088,17.92
5382.082162695147,16.69877132113017
0.041601229782796206,16.72
0.013098721696533693,19.88
9597.028047781394,0.0
5820.575325137091,8.185767291569627
0.226655371950012,17.92
5173.946571027482,17.304034422628607
879.8539854496444,19.05874050125371
0.0,0.0
0.007806718661205697,12.76
0.2281149681362807,14.68
0.07300971402578717,18.44
0.0029168479808642477,20.88
0.005712813990769634,15.12
0.0,0.0
0.005450995782989873,21.48
0.010630963712117938,17.12
0.012806408457842988,18.44
8.852502453357562E-4,17.48
0.00615925516499671,20.16
0.0,0.0
0.001163318755346376,9.56
1860.5327087373994,7.295017912241347
0.0032908578417173285,18.16
7.972214489923716E-4,16.76
0.0,0.0
0.0031552966919120543,5.72
0.00328992390593842,16.72
0.001749797322221693,18.16
0.03832519461774001,18.52
0.0,0.0
5.3622898567641006E-5,12.64
1.9410544280805208E-4,16.76
0.0012207521323823896,16.36
0.0,28.24
0.0,18.68
0.0,0.0
0.03974920127970651,2.88
0.001130860407609712,18.52
1.4385767618572772E-4,16.36
0.0012175036631378664,16.92
1.0394842147376614E-4,24.36
0.0,0.0
364.0243829397142,11.64
0.0,18.12
0.0,42.56
0.0,0.0
84.49510192518213,17.0
0.0,18.04
8.339618547309126E-4,15.8
0.0,0.0
84.49510192518213,5.32
4.546783899113906E-5,18.12
8.339618547309126E-4,17.0
5.865185590924042E-5,23.52
1.3585257405961267E-4,18.16
486.2932960400671,0.0
0.007260714605869982,5.44
0.0,14.96
3261.1540474585713,13.453844862772236
4.495680897763181E-4,14.64
0.0,0.0
6.081199291491673E-5,7.0
0.0,14.96
4.4900585709912856E-5,15.6
0.0,20.68
0.0,0.0
0.014617898754590814,13.28
4.0310729304635366E-4,15.28
9.400152363460978E-5,18.12
0.0032287572964649533,18.88
223.3968497066364,0.0
6.081199291491673E-5,15.6
2.950383456518294E-4,15.28
0.0014888500028948915,22.98103757636374
912.1279119947535,17.617091342160684
0.0,0.0
6.254505556647323E-5,5.12
3.150262051520078E-4,13.28
3.8894690604002457E-4,16.48
0.0,16.36
1.8509192709296896E-4,14.84
0.0,0.0
0.0,32.28
0.0,14.64
4.495680897763181E-4,16.36
0.0,22.0
0.0,0.0
2.2446229414341692E-5,11.36
6.254505556647323E-5,14.84
4.2802734618411494E-4,16.36
1.8509192709296896E-4,25.6
0.0,0.0
4.2802734618411494E-4,18.12
0.0,22.0
2.2446229414341692E-5,16.36
7.155529422026714E-5,27.48
0.0,0.0
9.211828758181653E-4,13.24
0.002678404436976616,20.88
0.001643559904056183,17.48
0.0029766184899844656,17.68
0.0059004984231432285,17.2
0.0,0.0
0.009138253155322398,3.52
0.0,26.88
0.005264053782381777,20.16
0.008298622605533712,17.68
8.700770994659338E-5,15.24
0.0,0.0
0.014313327059341819,3.24
0.015113873998578569,14.92
0.004195271642400332,16.76
5.6312153970537985E-5,19.08
0.0,0.0
6.235492678135318E-4,8.28
1.6625606345766926E-4,15.24
0.00684536166330554,14.92
9.035440787606085E-4,17.36
0.0,0.0
0.0011194919401744028,10.56
0.0,28.24
5.241246615990614E-4,16.92
0.00716801011759636,17.08
0.010988370914101233,17.56
0.0,0.0
0.01009614047026383,7.52
0.008449759783537007,15.12
0.0,24.36
0.0011579362139443983,17.2
0.009246428722696771,14.44
0.0,0.0
0.025531928378409566,10.88
0.006904288122255017,20.16
0.0,17.08
0.0018735767217138567,22.6
0.0,24.24
0.0,0.0
0.01084156098073338,7.76
0.003206083201968015,6.08
0.012620843734207864,16.76
0.005151685784298981,14.44
0.0021763259477032815,20.12
0.0,0.0
0.05365375585097608,13.6
0.0,18.04
4.546783899113906E-5,23.52
3.2196540309453747E-4,12.72
1020.1000823221806,15.16
0.0,0.0
0.007452459050352072,6.0
1.3345834044792615E-4,18.68
0.0,18.16
9.799443865973845E-4,17.56
0.0036717644378088388,13.44
0.0,0.0
0.0014938626504853423,16.48
0.001161491038685544,14.08
9.5583972117181E-4,17.36
0.0052345934196567434,12.72
0.0012490785369407137,15.52
0.0,0.0
0.004639940491120557,2.6
0.0032605722410869896,19.2
7.779629124564808E-4,19.88
0.004714009369694959,22.6
6.847248806654918E-4,13.44
0.0,0.0
84.49510192518213,15.8
935.6005615899029,15.16
935.5537763082876,10.44
0.0,0.0
935.5550253868242,11.56
0.0020796596018999923,15.52
935.548523539332,10.44
0.0,0.0
0.003917280298268218,7.0
9.747904422944852E-4,23.16
0.008063128356605463,19.56
0.0,24.24
0.0043408033800730215,20.12
0.0011390253326969378,20.08
0.0015895633492150761,19.2
0.0,0.0
0.0038061857466311147,20.08
0.004595642199484068,25.04
6.359868688973823E-4,19.32
0.0025286103574520442,17.24
0.0,0.0
5.055592108693705,10.72
0.0012064788722912822,37.12
0.0017016440138055684,37.0
0.0020255718936524687,25.04
5.050604786736803,17.72
0.0,0.0
2536.2014973856517,13.56
1419.7590345382516,6.3200457859024395
1.4624967191008125,19.2
0.0,0.0
1314.529461720077,6.72
5.051954081822229,17.72
1431.0357713801325,20.4
0.026757447990522997,17.28
0.0,0.0
5995.61217501889,12.380502442151801
830.7277592576482,8.88
0.002275813397978095,19.32
1309.5230886408701,20.4
4648.044755874741,0.0
4645.33234684935,16.005029818137
2.7138460958256703,19.12
0.0013866864274998906,26.2
0.00804588371301871,19.96
0.0,0.0
2.67007056263201,8.48
534.6552349850714,14.6
2.7104739358652155,19.12
0.3797936515454579,19.56
0.0,0.0
0.017799264443993452,10.72
0.005065884285656418,15.0
0.023419380690480444,17.28
0.0,0.0
0.0133727197761381,16.92
0.0038697303621092706,15.2
0.0,24.4
6.152331359643513E-4,29.12
0.008001606553036198,26.92
0.0014268998318418952,26.2
0.0030880818104976667,17.48
0.0,0.0
0.011957853644555969,6.68
0.0,31.04
0.0027986723708613766,19.96
0.0019326971616406812,18.12
8.884214238150589E-4,16.68
0.0,0.0
2830.7202800803366,7.64
0.4295206151329811,14.0
534.6114594518779,19.56
0.00561790414896404,18.12
0.0,0.0
0.005655104626591437,15.64
0.051951450647600234,5.92
3.0531036037499746E-4,25.2
7.893332618038103,15.44
2361.582350407243,21.68
0.0,0.0
30.664996145315037,1.8
2741.447447675876,26.08936616469855
173.68601825782125,14.56
22.799432480472056,16.92
0.0,0.0
0.003976503234312708,2.48
0.001884552853003724,17.48
5.204045509729677E-4,16.68
4944.191061996933,0.0
1772.2389281717722,17.96
2741.981105457495,31.399963025727534
0.1957825159149564,23.2
2361.596833199129,21.68
0.06109680906459827,17.96
0.0,0.0
0.0015707506444094742,26.52
0.9305984842100896,21.76
0.0,16.48
0.0,22.88
4.5285145845041185E-4,14.52
0.0018480773639493952,19.2
0.0,0.0
173.68723207934164,9.68
0.007760525141922211,7.2
0.011764209668854738,14.04
4.8253307368810894E-4,19.0
0.0,0.0
0.0041134775081623914,14.56
0.0010578182644185167,26.52
173.68934291318658,14.04
173.69344809496002,17.56
0.0,0.0
0.005649691297023243,19.0
0.005950287012365801,14.2
0.002048971139026916,15.6
0.0,18.72
0.0,0.0
0.0,21.76
173.68860908578546,17.56
0.006902355123501758,14.2
0.0034643611499767823,17.16
0.0,0.0
1.2492350912776997,14.12
0.02368906075496786,15.16
0.006510677830405507,19.72
0.0,0.0
0.018147863238260176,10.36
0.030024892054735037,17.96
0.020225150548251077,19.72
0.04130703357042497,20.92
0.0,0.0
0.0,23.4
0.003085538140510105,17.68
0.01112505165174222,15.88
0.008610091929242296,15.28
0.0,0.0
4.789278463682147E-5,6.04
0.00546775393867771,15.6
0.0027238112574142787,20.92
0.03907380971538256,17.68
0.0,16.56
0.0,0.0
0.01305334878717716,6.32
363.2248426115339,14.08
4.746012758742835E-5,15.88
0.25107120323541315,14.52
0.0,0.0
7.963073125484406E-4,18.72
0.0,17.92
0.0,15.96
0.0036706593237628435,15.8
0.0,0.0
1874.1117859358715,19.14853531511037
0.004048214336456408,17.92
25.09599308159598,15.6
409.02993672594573,16.04
0.0,0.0
691.8167091082969,11.28
4.187522998549092E-4,15.96
172.38445480102672,17.4
172.3844439108095,19.76
868.6199999999973,0.0
25.092380041022118,15.6
864.2015037830931,17.4
0.004083334982950147,15.96
3.336484825896512,18.09606453405864
0.0,0.0
0.017414820324299893,8.68
2.7555014875700876,10.28
179.6980266227998,15.28
0.0,17.16
0.0,0.0
6.748401183873622E-4,16.56
0.0,15.8
0.0030376453558732613,17.16
0.0,19.24
0.0,0.0
6.841865297752831E-5,7.24
2997.5572353333155,9.12
3.086060419595498,19.24
2.303423160519825E-4,17.4
0.0,0.0
172.3844439108095,9.92
172.3844439108095,19.76
4.1826150497775635E-5,19.24
0.0,17.56
0.0,0.0
8.002612513020338E-4,26.52
190.85430931051832,22.56
0.00240130872270708,19.0
2953.689830071444,17.479351731468405
0.0,0.0
1530.3950816490253,10.04
0.0030528495072818327,14.52
0.09391704041104597,22.56
4524.533507859825,20.88
0.0,0.0
0.026538300022929794,1.48
190.7632086507344,19.0
17.932186675044438,22.24
0.02157425846830417,14.52
0.0,0.0
4529.228042365953,2.36
1036.621568059399,19.24
1339.2899492450679,20.88
0.002292196744759224,22.24
1068.5197181811036,0.0
2271.0309846786063,23.52
0.0017399830628380894,15.32
111.09321693193709,18.44
74.83526784222249,24.16
3000.493399711078,0.0
1487.6284313467522,2.32
0.025898661421990987,14.52
111.09340582939092,18.44
8.827399705782071E-4,31.8
0.0,0.0
0.0,11.64
1960.935735692576,17.4
6.54414118781729E-5,15.16
1.6490090417380936E-4,21.56
0.0,0.0
9.542328155187238E-4,5.64
4.1826150497775635E-5,17.56
0.0,17.16
8.686932736744831E-4,16.64
0.0,0.0
0.0,11.12
1.420863948451827E-4,15.16
0.002850428921048552,15.36
0.0042717066322668735,23.52
0.0,0.0
5.164483407536053E-5,4.68
0.0,17.16
112.07762979180848,14.92
0.0,25.92
0.0,0.0
0.007087743701179353,16.32
0.02436876342143322,2.521072034535634
0.0031802338931732487,18.72
0.0,16.72
0.0,0.0
1495.2360352312294,20.27249269480683
1960.9355936061827,21.56
0.03455521427596748,19.584431724799487
0.004447365735032909,17.28
0.0,0.0
0.005372218048414039,2.56
0.0,16.72
1.420863948451827E-4,19.0
9.817493919199295E-4,15.36
0.0,0.0
0.004413793027112051,15.36
1.2032187935943376E-4,17.28
0.0026654803413036416,19.0
2.4028580315153223E-4,18.48
0.0,0.0
307.6405711658139,29.92
761.0761609970835,12.715062948973735
2.525960259338963,15.72
0.0,41.24
0.0,41.44
0.0,40.0
0.0,0.0
0.003114240598713371,18.88
0.0011867325570267212,17.75766254711101
18.312820009182474,15.96
2710.601592533693,17.246200636152967
0.0,0.0
0.0011391286274183403,22.98103757636374
0.001731554020059607,17.75766254711101
0.0010719023751426494,15.96
3.870239727006948E-4,14.32
0.0,0.0
0.0027780060669470343,15.96
0.001062261086019929,15.32
18.30782927231004,14.64
0.005993159369139494,17.08
0.0,0.0
3.0412148734556264E-4,15.96
0.0010024224967105744,15.32
6.947987843207699E-5,17.16
7.581395986743602E-4,18.0
0.0,0.0
0.0036986775437806768,12.56
6.254505556647323E-5,25.6
0.5844894768095023,17.28
0.002088201990863729,16.0
0.0,0.0
0.0,27.48
0.0010481986512424824,15.64
0.0021697097208928677,17.28
0.0027022206415547915,16.36
0.0,0.0
0.024020238518320036,8.0
2931.905639754332,16.4321317689829
1842.579839940816,18.12
1088.7808924062103,17.527263703398198
0.0,0.0
0.0034399808979545393,14.64
17.72969356321354,16.36
0.01936149670096811,18.12
1860.878867305218,16.72
0.0,0.0
0.003780406649768445,19.08
0.0010459874605399247,13.6
6.685211820563638E-4,18.76
0.0,0.0
0.06922201427475318,5.329325091258466
0.009239758135897131,11.88
4159.667680317386,17.36
0.004448927831824812,13.6
0.0,0.0
0.002985361553103361,5.44
0.006126014548137115,17.24
9.896753065693899E-4,18.76
0.0010356019455651135,16.0
0.0,0.0
0.00154941451623262,9.8
0.0031619711662881377,12.16
3.014380991753712E-4,11.08
0.0,16.0
0.0,0.0
4.0028625501241876E-4,17.08
7.248989856990056E-4,18.0
0.0026084236948307705,14.92
0.005197225115945326,16.76
0.0,0.0
0.0,17.16
3.9620109286655044E-4,18.0
7.248989856990056E-4,15.64
0.0,0.0
0.05455019976300598,12.16
0.001445904732136905,14.92
2.0963112527526434E-4,14.0
0.019405460730053385,15.28
0.0,0.0
1.0418682237991815E-4,14.0
2.0963112527526434E-4,15.64
2982.9904899011103,0.0
3710.983690446818,55.47326962503175
2931.9166044083972,17.527263703398198
1834.2643684626516,17.68
0.21834361669721078,20.08
0.0,0.0
17.740990912261488,16.72
0.001095568857344571,16.76
3677.40714203423,17.68
0.0028948830220243017,21.28
2858.0515510067803,0.0
934.6042461804071,8.76
0.21974839210553582,20.08
111.66926636796697,16.0
1811.5669915232886,19.32
0.0,0.0
1240.70730070706,11.6
0.05448316599201592,15.28
0.003690405380981958,21.28
111.67210321191384,16.0
0.0,0.0
4864.895277736876,9.68
11.095953687415493,9.6
0.0015511084108088533,16.0
6.4076366231202,18.53326717288627
0.0,0.0
2985.8717011042327,18.764171683730368
5.682697679967854E-4,16.0
6.412614052803864,18.53326717288627
2.3416964786308138E-4,20.68
0.0,0.0
0.03168006012680517,7.52
0.01157976598928562,2.0
0.004577499646258897,17.12
0.0022030831839222366,20.52
0.0,0.0
0.006293917006804636,8.44
0.0010068256453801808,2.48
0.0,20.68
4.639158801775964E-4,17.12
0.0,0.0
107.41232673476257,4.16
0.011288952696642937,15.96128690942683
107.40390394012029,18.52
5.5477437592169264E-5,22.0
1294.2699999999943,0.0
0.00878949791310704,15.96
0.01017615922227068,17.24
0.0028162546503594215,18.1968026281788
0.0,0.0
107.40365892494833,18.52
0.010023582934541515,15.8
0.0015474943411807657,15.88
789.3709463233579,15.8
0.0,0.0
0.010478122049417678,17.24
2296.96007619245,16.05770007622253
0.0,17.28
0.0,18.68
0.0,0.0
918.5085635779993,1.8
1811.567092327933,19.32
7.065923415368289E-4,16.36
2730.0848118585504,14.64
0.0,0.0
5.827960374905559E-4,4.36
1.2619923176403365E-4,22.0
4.6524870007062E-4,16.36
0.0,20.4
0.0,0.0
1568.181359626891,9.67934158482813
2730.0756078009204,14.64
0.0015891989340876954,13.76
1.3106582105013405,17.72
0.0,0.0
0.0015891989340876954,15.88
2.4029277177610646E-6,20.4
0.0015474943411807657,13.76
0.0,18.2
0.0,0.0
8.005807231702043E-4,10.76
7.003510005751477E-4,20.52
0.009587295103011002,17.16
0.00220809958196453,16.72
0.0,0.0
0.009587295103011002,16.72
0.0,19.52
1.6271835637877568E-4,17.16
3.9475308571063535E-5,18.2
0.0,0.0
0.0,8.08
22.807339645750986,16.92
0.0,16.72
22.800075359236956,16.56
0.0,0.0
1568.16822519908,13.707738082560068
1545.356355377516,17.232585018075515
0.0,18.2
22.80577442493382,16.56
0.0,0.0
0.0,17.56
0.0,6.96
3.962510195024211E-5,11.16
0.0013402484854708376,16.48
0.0,0.0
0.0,11.6
292.7548368519502,27.84
0.0,27.96
105.08504037529296,80.16
0.0,0.0
292.7548368519502,2.12
292.7548368519502,27.84
0.0,21.96
0.0,23.68
0.0,30.76
0.0,0.0
5.045489128416856E-6,22.88
0.0,20.44
3.0892187996619147E-4,14.08
0.0,0.0
0.0,21.96
0.0,16.36
0.0,12.76
0.0,0.0
0.0,10.48
0.0,29.92
0.0,20.44
0.0,17.12
0.0,0.0
0.0,4.2
0.0,23.68
0.0,16.36
0.0,17.12
0.0,27.08
0.0,0.0
0.0,27.96
0.0,26.64
0.0,27.8
0.0,54.44
156.88195659546227,0.0
0.0,25.44
0.0,26.64
0.0,21.44
0.0,21.12
0.0,26.48
0.0,0.0
0.0,7.48
0.0,20.68
0.0,27.08
0.0,16.36
2.2324084207805363E-5,17.8
0.0,0.0
7.003290371392616E-6,11.92
1.5221788706138121E-5,21.44
0.0,16.36
4.157036305679676E-6,15.6
0.0,0.0
6.150585893699071E-4,15.96
0.0,17.8
551.2835634379242,16.369700178059812
0.0015292845845764481,15.16
0.0,0.0
6.375815188833098E-5,21.12
7.003290371392616E-6,15.6
551.285035198096,16.369700178059812
897.126701235423,15.895950330149738
0.0,0.0
0.0,27.8
0.0,26.32
0.0,28.28
0.0,37.0
0.0,0.0
7.57898486469472E-6,26.48
0.0,26.32
0.0,21.64
0.0,22.0
0.0,28.12
0.0,0.0
0.0013499049480541147,14.32
2.9276416628021073E-4,15.16
0.001459607650022641,17.12
1230.6733809498633,21.505339626064583
0.0,0.0
0.0,15.8
0.0,21.64
0.0,17.12
2.435830705735527E-5,16.32
0.0,0.0
0.0,18.0
1.9918068305576508E-5,16.0
1.1069421722892702E-4,16.0
4.203655923972398E-4,14.96
0.0,0.0
7.57898486469472E-6,22.0
1.0311523236423246E-4,16.32
2.435830705735527E-5,16.0
0.0,17.56
0.0,0.0
0.0,6.16
0.0,28.28
5.496097311965868E-6,26.96
0.0,37.52
0.0,0.0
0.0,19.2
0.0,28.12
0.0,26.96
5.496097311965868E-6,22.84
0.0,21.04
0.0,0.0
3.26721214434473E-4,15.64
9.345301109742637E-4,14.96
0.0,16.0
9.914047527473315E-5,16.72
0.0,0.0
0.0,17.56
0.0,22.84
5.496097311965868E-6,16.0
0.0,17.2
0.0,0.0
0.0,13.4
1.0418682237991815E-4,15.64
2.0963112527526434E-4,16.72
0.0,17.96
0.0,0.0
0.0,13.16
0.0,21.04
0.0,17.2
0.0,17.96
0.0,0.0
0.0,21.12
0.0,39.36
0.0,27.28
0.0,31.76
0.0,0.0
633.9983066079847,12.04
0.0,27.28
0.0016325880012318763,24.417769406347137
6.08040144026036E-5,23.6
0.0,27.8
0.0,0.0
0.002838316067047341,2.6042748824854454
1.4837039676521988E-5,16.8
0.0,15.64
2.206141668792211E-5,19.52
0.0,0.0
0.0016325880012318763,2.1603488428808215
0.0,23.84
0.0,15.64
0.0,20.76
0.0,0.0
1.3578540199907818E-4,17.28
2.206141668792211E-5,19.52
0.0,18.68
2.206141668792211E-5,26.64
0.0,0.0
0.0,23.6
0.0,20.76
5.6361444963728025E-5,18.68
4.442569438875275E-6,21.44
0.0,0.0
0.0,17.12
0.0,21.52
0.0,34.48
0.0,14.08
0.0,32.96
0.0,0.0
9.413008328677836E-5,20.28
710.47,16.479269562864683
0.009696407518804073,15.635671198608216
0.0,23.36
0.0,0.0
0.0,17.12
1310.8033569999986,16.895012438967424
0.0,15.96
0.0,30.36
0.0,0.0
0.009696407518804073,15.635671198608216
3.047229569632549E-4,16.28
0.0,27.08
948.4113066612323,16.17426032757684
603.4299999999994,0.0
0.0,21.52
0.0,15.96
385.46614318712153,16.28
920.4535011462123,15.723490929519592
0.0,0.0
0.003344493640850447,5.76
562.9354670665924,27.08
0.0,28.44
0.0,30.48
476.09916898134463,24.75086699612734
0.5325813978313426,26.04
0.0,35.76
579.3174002605876,38.84
0.0,0.0
0.0,28.44
0.0,15.16
2.1360263947260474E-4,25.04329880694263
0.0,0.0
0.0,30.48
2.1360263947260474E-4,15.160197630257358
0.0,19.0
0.0,0.0
0.0,34.48
914.415132148039,20.962513507087454
0.0,19.36
0.0,28.36
0.0,15.92
0.0,0.0
0.010001130475767317,16.17426032757684
391.50406050093983,18.08
954.9837233752244,17.809862164095158
6.562250788733524E-6,17.88
0.0,0.0
5.686103777487412E-4,14.967616762405374
914.415132148039,20.962513507087454
6.038222036774922,18.08
0.0,19.68
0.0,0.0
391.5156749107998,17.809862164095158
0.0,21.28
563.4680484644259,16.4
0.0016198416354123528,14.6
0.0,0.0
0.0,19.36
0.0,19.68
0.0,21.28
0.0,16.36
0.0,0.0
0.0,10.28
0.0,24.44
7.147639074083548E-4,17.44
0.0013693362067366723,19.727777785783985
0.0,0.0
563.4680550266748,6.72
0.0,26.04
0.5325879600821319,17.88
0.0,14.76
0.0,0.0
0.001507799265842848,3.76
0.004151890437595044,17.44074592084547
0.0023924468757517497,18.64
2.2654734486964395E-4,13.8
0.0,0.0
4.1123192458412836E-4,11.44
0.0,16.4
563.4680484644259,14.76
0.0,15.44
0.0,0.0
2.1360263947260474E-4,19.00125392878493
7.147639074083548E-4,19.48
4753.292585572309,18.761509256525
0.0,0.0
0.002175316270568204,18.64796346479347
2.1360263947260474E-4,18.080046557282685
0.004452536941876224,19.32
0.0,0.0
0.0,28.36
0.0,17.72
4.760173808338928E-4,18.8
0.0,29.92
29.660474465342446,14.840000021267906
0.0,0.0
0.0016198416354123528,14.6
0.0,15.48
0.0016198416354123528,15.48
0.0,16.28
0.0,0.0
0.0,16.36
0.0,17.72
0.0,15.48
0.0,14.36
0.0,0.0
0.0,15.48
3.670163194855906E-5,14.52
492.3439076930685,18.520132189016582
180.37529858912697,14.573461672181375
0.0,0.0
29.660329995879305,18.80000002694317
0.0,14.36
334.56787933683717,14.582917717644213
8.856785409911301E-4,15.28
0.0,0.0
1784.196989328314,63.76524178454379
0.0035145435657092192,13.8
0.0,16.76
205.43538704834634,17.92
0.0,0.0
4.1123192458412836E-4,15.44
0.0016198416354123528,16.28
1989.63209956351,24.192685258364723
1288.5634543629249,18.8
0.0,0.0
1495.2048223308166,2.4
4.792829843535502E-5,17.92
2002.8336427571523,18.96249476575803
0.0012227690467336684,16.52
0.0,0.0
4.2346487695799203E-4,18.52
0.0,18.8
397.21364565877184,17.0
154.19498015490993,16.04011448767959
0.0,0.0
0.0020474124823299717,14.44
0.003794436676836979,19.32
0.0024051244595462633,14.64
0.0,0.0
0.0016210441332851061,16.32
0.00188953781147008,14.64
7.840803262611507E-4,18.32
0.0,0.0
0.0,40.6
1.444694631073583E-4,29.92
0.0,25.32
118.39977351011717,20.76
92.7354724720538,14.36
0.0,0.0
338.14932034047683,14.4
334.56787492015695,15.225690950377842
0.0017834750927098676,18.16
5.986090222342439,20.84
0.0,0.0
364.228582292244,15.852282476918317
315.9799174840519,25.327478737727887
6.87079761308143E-6,15.16
7.768354786358048E-5,16.2
0.0,0.0
0.05725908834096209,15.52
0.0021556804640516488,18.16
8.098565837826652E-4,15.76
0.0016011614767866438,15.6
0.0,0.0
118.40052118493041,15.32
2.295830695897281E-4,20.76
29.65982373194289,16.200000002055134
5.7218360214567376E-5,15.76
0.0,0.0
1126.6649614107782,5.2
892.5559459436442,16.52
407.4359466861146,16.2
1167.4280730220669,13.52
0.0,0.0
45.865629465405185,16.04
532.3355781176803,21.091037586684713
23.423396955304696,16.2
0.0031317442722546655,16.04
0.0,0.0
1.1902151189083539,10.48
0.01801051440448058,19.88
1995.7986434432896,13.52
2134.598545932587,16.45502228821586
0.0,0.0
879.7914485516642,19.05874050125371
0.057926928096893926,15.6
0.0027489192973695615,16.04
0.0026418889181203217,15.24
0.0,0.0
2.0995979145953654E-4,14.88
0.001832842392747911,18.32
7.697647875739693E-4,18.64
2.1914087050189156E-4,15.12
0.0,0.0
7.697647875739693E-4,11.08
0.0,42.56
7.748992472187957E-4,18.64
0.0,20.72
0.0,0.0
1.7471240419988265E-4,5.92
4.442846630201029E-5,10.6
1.7471240419988265E-4,15.12
0.0,20.72
0.0,0.0
0.0,28.36
192.12332169249643,34.16
0.0,54.08
0.0,31.72
0.0,0.0
153.3240826595397,28.36
0.0,27.04
0.0,27.04
0.0,29.76
0.0,0.0
0.0012283296926634117,27.04
0.0,28.08
0.0,28.48
0.0,32.96
0.0,38.0
0.0,0.0
0.0,28.08
0.0,19.76
0.0,22.12
0.0,22.72
0.0,39.92
0.0,36.0
0.0,0.0
0.0,14.08
0.0,19.76
0.0,30.92
0.0,29.4
0.0,0.0
0.0,34.16
76.01856142687936,28.12
77.30552123266014,27.84
38.799239032957566,36.96
0.0,0.0
153.322854329847,27.04
0.0,28.12
0.0,27.84
76.01856142687936,27.56
0.0,0.0
0.0012283296926634117,28.48
0.0010346747875670745,27.84
0.0,24.12
0.0,22.96
0.0,28.12
0.0,0.0
0.0,22.12
0.0,17.56
0.0,13.52
0.0,14.0
0.0,0.0
0.0,22.72
0.0,24.12
0.0,17.56
0.0,13.8
0.0,0.0
0.0,13.52
0.0,18.48
0.0,13.68
0.0,15.92
0.0,0.0
0.0,22.96
0.0,13.8
0.0,18.48
0.0,14.6
0.0,0.0
0.0,15.92
0.0,30.92
0.0,14.0
0.0,13.68
0.0,31.96
0.0,0.0
0.0,27.84
77.30552123266014,27.84
21.515220265459323,28.12
0.0,34.8
0.0,0.0
153.3218196550597,27.56
21.515220265459323,27.84
153.3240826595397,28.12
0.0,29.64
0.0,0.0
0.0022630044802304946,28.12
174.83703992051824,28.12
0.0,23.2
0.0,22.84
0.0,29.32
0.0,0.0
0.0,15.92
102.6668451754694,14.90388514352092
7.575187269578401E-4,17.56
722.0592424812711,21.877585810298335
102.6668451754694,0.0
0.0,14.6
0.0,23.2
102.6668451754694,14.90388514352092
0.0,14.6
0.0,0.0
0.0,17.56
0.0,14.64
7.590707653026871E-4,13.84
7.575187269578401E-4,17.92
0.0,0.0
0.0,22.84
0.0,14.6
0.0,14.64
0.0,14.4
0.0,0.0
4.760173808338928E-4,14.84
0.0,31.96
0.0,13.24
0.0,13.84
0.0,49.56
0.0,0.0
0.0,38.32
0.0,28.12
309.76378676592054,28.36
0.0,99.68
0.0,0.0
823.2924628789502,19.18022141252217
0.0,29.64
288.2485665004606,28.36
21.515220265459323,27.84
0.0,0.0
0.0,30.76
21.515220265459323,29.32
0.0,27.84
0.0,23.6
0.0,22.96
0.0,0.0
7.590707653026871E-4,17.92
0.0,14.4
3.7966998184177074E-5,15.2
7.19551728773662E-4,13.76
0.0,0.0
0.0,14.4
0.0,23.6
0.0,14.4
0.0,15.24
0.0,0.0
5.045489128416856E-6,14.08
2.5529845985888092E-6,15.2
0.0,23.44
1043.750339290405,14.989191023224103
0.0,0.0
0.0,12.76
0.0,22.96
0.0,15.24
0.0,23.44
523.1466195358245,0.0
0.0,42.56
211.13524338451325,14.36
0.0,49.56
7.565177807040967E-4,13.76
0.0,14.48
0.0,0.0
789.3706069940716,15.8
4.319717754518329E-4,16.68
0.0,15.8
1.7246314546718618E-4,14.84
0.0,0.0
2.1878694908939218E-4,18.68
7.823949280422074E-5,16.68
0.0,16.04
2.131848263624398E-4,25.96
0.0,0.0
5.862103493149383E-7,15.8
0.0015453421759460731,15.36
4.442569438875275E-6,15.24
0.0,15.48
0.0,0.0
0.0,16.04
4.442569438875275E-6,15.36
0.0,15.56
0.0015648987860332436,26.421347628554315
0.0,0.0
1.3102953555406944,5.56
5.353181061182098E-4,5.76
1.3105953427201569,17.72
1.862799290831239E-4,15.04
0.0,0.0
2.4029277177610646E-6,18.2
1.862799290831239E-4,14.84
1.7246314546718618E-4,15.04
0.0,15.8
0.0,0.0
0.0,15.36
7.783160272728785E-4,8.88
2.8380191225764744E-4,22.88
0.7808261326712795,14.32
0.0,0.0
176.5860546883749,2.44
0.0015453421759460731,15.24
2.4029277177610646E-6,15.8
1014.4796366405286,15.6
0.0,0.0
174.49640438829107,2.96
5.862103493149383E-7,15.48
174.49480352473867,16.48
0.0,14.04
1.955661008715696E-5,0.0
1.955661008715696E-5,15.58034237128165
174.49640438829107,16.48
0.0,17.04
0.0,25.32
0.0,0.0
0.0,1.36
0.0,14.04
0.0,14.08
0.0,15.16
0.0,0.0
0.0,17.04
0.0,14.08
0.0,19.0
170.2501228182566,22.64
0.0,0.0
9.133697872225971E-4,14.32
9.788585789499056,15.8
9.788842650611425,14.92
0.0,17.56
0.0,0.0
4.577271595360282E-4,13.44
1189.755214724635,15.6
9.008016517940145,15.8
1004.1614296775122,15.8
0.0,0.0
9.789499159286311,14.92
1.47881738503907E-4,15.8
1055.5341954911241,15.395593061975902
2.1153774117715627,16.44
0.0,0.0
0.0,16.04
1004.1613103380124,15.8
2.6722123790325395E-4,15.8
1004.161577559251,20.04
950.8076387711503,0.0
0.9304713100963592,14.52
408.10311255558116,16.04
541.7737937694709,14.892681964742463
7.139874606272773E-4,17.4
0.0,0.0
0.0013169849183848408,19.2
0.0,17.56
541.7737937694709,14.892681964742463
541.7756418468349,15.944882320947093
0.0,0.0
691.922543131076,15.96
0.003908275734627137,17.4
1.750592483230115E-4,15.96
1.0046826224609501E-4,15.36
0.0,0.0
0.0,15.36
541.7751107543918,15.944882320947093
25.012729398738525,15.96
479.9542239647547,14.52
0.0,0.0
0.0,14.6
0.8962218948892592,5.32
0.0,15.16
813.2993211126663,22.035154639270075
0.0,0.0
0.8976697993441426,11.4
170.2501228182566,19.0
0.0,16.44
0.8962218948892592,23.84
0.0,0.0
3.311812700514005E-4,2.88
3.311812700514005E-4,14.72
0.0,23.88
0.0,0.0
0.0,5.08
0.0,16.44
0.0014479044548843687,25.16
0.0,0.0
2.1152712172424546,10.8
1.1007207652629715E-4,16.44
1.061945291045861E-4,19.56
2.6934330303411154E-4,18.04
0.0,0.0
2048.2366354312508,8.04
1004.161577559251,20.04
813.2978732082128,22.035154639270075
3.755378321386977E-4,19.56
0.0,0.0
1.9270766231344E-4,11.4
0.0,14.92
8.532532862972525E-5,15.4
2.4096738125018073E-4,27.84
0.0,0.0
0.0,9.64
3.311812700514005E-4,14.72
0.0,14.92
3.311812700514005E-4,25.36
0.0,0.0
666.909200213139,15.36
0.0017903096530797516,15.16
0.0,19.76
377.47755073255166,14.44
0.0,0.0
479.9560142744085,7.72
507.08205172066994,14.52
0.0,18.04
1044.3866504774246,15.16
0.0,0.0
0.0,19.76
0.0,15.6
0.0,15.8
0.0,25.52
0.0,0.0
8.532532862972525E-5,9.8
6.974473141213305E-5,15.4
0.0,15.6
0.0,25.6
0.0,0.0
377.585736034307,5.92
9.542328155187238E-4,16.64
0.005884817583277918,15.6
0.4581615059922842,16.72
2.77828097618552,0.0
3.231460971295986,18.09606453405864
0.0017903096530797516,14.44
378.04485177311403,15.6
0.020713917150564795,15.6
0.0,0.0
112.07767265681107,14.92
0.0,16.72
0.0,17.0
308.87806874289566,25.800359302658773
0.0,0.0
0.0,15.8
0.4788965951826595,15.6
196.34196351216067,17.000046765395343
1.2664747906761291E-6,24.0
0.0,0.0
0.0,30.88
0.0,8.36
0.0,23.88
0.0,31.44
0.0,28.56
5.131333946513217E-6,0.0
2.780329909431651E-4,27.84
3.311812700514005E-4,25.36
0.0,31.44
4.97323199017196E-4,30.68
5.131333946513217E-6,30.080589076329098
0.0,0.0
0.0,25.52
0.0,25.6
4.97323199017196E-4,30.68
4.97323199017196E-4,30.48
0.0,33.16
0.0,0.0
1.405252611929223E-4,22.36
112.07798658974636,25.8
0.4788741566680585,24.0
4.97323199017196E-4,30.48
0.0,29.0
0.0,0.0
540.0500728207321,7.480302905952025
3.004095164297802E-5,23.52
0.0,25.92
95.68371265601078,28.520022409315064
272.6106083507367,25.800202701768093
393.8090472603048,29.44000005386289
0.0,0.0
0.0027075524186030843,15.36
0.0,19.2
1.326067270736265E-4,14.68
0.0,13.52
0.0,0.0
0.0,18.48
0.0,28.52
0.002523523795840327,19.2
1.5609801811065807E-4,16.44
0.0,0.0
290.65933488595687,14.680402344766684
290.3439222248393,13.960233810839284
0.0,15.4
0.0,24.32
0.0,0.0
144.68468667359474,25.8
0.0,16.44
0.0,13.96
0.0,23.08
0.0,0.0
0.0,41.24
0.0,13.52
0.0,15.4
0.0,36.12
0.0,33.32
0.0,23.88
0.0,0.0
0.0,6.68
2.3352665098731246E-4,23.52
0.0,29.64
2.940327294400512E-4,31.96
0.0,0.0
4.219694363949818E-5,30.080589076329098
160.3399596199253,29.640011478813772
4.2590894260213395E-4,30.48
0.0,28.28
0.0,0.0
0.0,33.16
4.225944776900939E-4,30.48
4.2590894260213395E-4,29.84
0.0,29.56
0.0,0.0
4.2590894260213395E-4,9.64
0.0,29.0
4.225944776900939E-4,29.84
0.0,30.68
0.0,0.0
70.45022694648002,20.84
410.40569580975546,29.440013411144495
84.75312450406948,32.68
0.0,36.84
0.0,0.0
84.75312450406948,24.32
0.0,23.08
0.0,32.68
0.0,18.76
0.0,33.32
0.0,0.0
0.0,36.12
0.0,18.76
0.0,36.24
1.640572808984016E-4,26.28
0.0,38.44
0.0,0.0
0.0,18.0
1.6438759665962798E-4,21.600000004011896
0.0,33.88
177.55425713206088,30.05159075398268
0.0,0.0
0.0,28.28
163.6099999999996,33.88364144738528
0.0,28.2
0.0,35.92
0.0,0.0
0.0,31.76
0.0,26.96
0.0,34.44
0.0,93.4
0.0,0.0
0.0,27.8
0.0,26.96
0.0,28.08
0.0,49.28
0.0,0.0
1.0148537372327046E-4,26.64
0.0,21.44
7.823949280422074E-5,25.96
4.442569438875275E-6,25.88
0.0,28.08
0.0,41.48
0.0,32.92
0.0,0.0
0.0,34.44
138.09450880594824,29.56
138.09450880594824,27.48
0.0,0.0
0.0,49.28
138.16844207966096,41.48
138.09450880594824,29.56
170.25174323841958,28.116710397531406
302.6700610414978,33.16
0.0,0.0
0.0016204201625561038,25.42461901620009
0.0,22.64
472.9199375001747,32.92
0.0,28.08
170.2501228182566,31.84
138.09450880594824,0.0
138.09450880594824,27.48
0.0,31.12
0.0,0.0
2.4635957914115E-4,33.16
0.0,31.12
0.0,27.76
302.6700610414978,31.48
0.0,0.0
0.0,23.44
171.14779261760137,23.84
0.0,25.16
302.66981468191835,31.84
0.0,27.76
0.0,0.0
1.457518637096014E-4,13.8
0.0,30.8
0.0,0.0
302.67034126775553,9.4
2.4635957914115E-4,31.48
1.457518637096014E-4,30.8
0.06116164749713625,27.24
0.0,0.0
664.708549737868,8.841725044077096
0.0,28.56
4.259781220996011E-4,27.24
0.0,32.68
0.0,0.0
94.84544577221833,17.400000057316355
0.06665431033758029,30.84
18.259971551581565,32.480000541639555
0.0,0.0
275.2165891086581,23.483371729374014
94.84491323148784,30.840000101588302
2.940327294400512E-4,30.48
0.0017174876405073303,31.16
0.0,0.0
2.940327294400512E-4,31.96
1.1310087297631596E-5,32.68
351.800723393662,30.550030876538262
0.0,31.76
0.0,0.0
0.0,32.48
0.0,31.12
0.0,31.48
0.0,0.0
18.26124836820088,31.16000003247669
2.8448418383925604E-5,31.12
0.0,31.2
0.0017174876405073303,28.04
0.0,0.0
0.0,9.92
4.406710211922492E-4,31.76
0.0012768166193150793,31.2
0.0,28.36
0.0,0.0
0.0,31.48
0.0,30.8
0.0,0.0
0.0017174876405073303,15.68
0.0,28.04
0.0,30.8
0.0,0.0
217.5247203066163,12.72
0.0,28.36
0.0,31.44
0.0,0.0
0.0,25.48
0.0,29.56
0.0,28.2
0.0,33.2
0.0,0.0
0.0,4.2
0.0,30.68
0.0,27.36
0.0,27.2
0.0,0.0
0.0,36.84
0.0,27.36
1.640572808984016E-4,31.56
0.0,27.48
0.0,0.0
0.0,33.32
1.640572808984016E-4,36.24
0.0,31.56
0.0,27.76
0.0,30.04
252.95428352040258,0.0
163.09923320444167,30.100459331314067
14.455188315215622,31.44
0.0,34.36
0.0,0.0
0.0,35.92
0.0,30.08
0.0,33.04
0.0,0.0
0.0,30.08
0.0,35.48
0.0,22.52
0.0,28.72
0.0,0.0
0.0,33.2
0.0,27.2
0.0,20.24
0.0,0.0
1.640572808984016E-4,27.48
201.46243842930673,31.28
0.0,29.92
171.80321797791788,45.52
0.0,0.0
0.0,27.76
171.80321797791788,31.28
201.46243842930673,42.52
0.0,0.0
1.6438759665962798E-4,34.36006381885141
0.0,30.04
0.0,0.0
0.0,33.04
0.0,35.48
1.6438759665962798E-4,30.040055795061008
29.659835612403317,36.92
0.0,0.0
0.0,5.2
0.0,22.52
0.0,20.24
0.0,26.4
0.0,0.0
0.0,25.96
0.0,15.92
0.0,29.92
29.659384508669284,22.4
0.0,0.0
29.659835612403317,11.12
0.0,28.72
0.0,36.92
0.0,26.4
0.0,0.0
0.0,22.4
29.659384508669284,31.56
0.0,0.0
201.462602486587,45.52
0.0,31.56
0.0,0.0
0.0015652650177841326,14.36
4.926699614250901E-4,32.08
74.83565791223143,16.84
83.89603480398489,24.16
0.0032358250390187976,31.8
0.0,41.44
0.0,0.0
0.0,10.44
0.0,35.84
0.0,24.56
0.004212244278806875,5.6
0.0,21.56
0.0,0.0
0.0,13.0
0.0,32.56
0.0,0.0
41.48786284258715,36.48
0.0,45.08
503.61891917949475,41.584928969505725
0.0,33.32
0.0,38.72
171.80321797791788,28.4
0.0,0.0
0.0,6.48
0.0,32.56
0.0,38.72
0.0,30.52
0.0,45.92
0.0,59.12
0.0,0.0
0.0,23.88
0.0,26.28
0.0,28.4
1.640572808984016E-4,31.04
171.80321797791788,44.24
0.0,0.0
1.640572808984016E-4,10.2
0.0,30.52
0.0,31.04
0.0,45.68
0.0,49.28
0.0,0.0
0.0,17.56
0.0,45.92
0.0,39.32
0.0,0.0
0.0,38.44
0.0,30.04
171.80321797791788,42.52
0.0,44.24
201.46243842930673,28.12
0.0,0.0
201.46243842930673,21.04
0.0,45.68
0.0,28.12
0.0,0.0
0.0,6.56
0.0,49.28
0.0,39.32
1397.6299999999928,0.0
4.4728116899496345E-5,13.852634078605062
105.08504037529296,80.16
0.0,54.44
0.0,37.0
0.0,37.52
0.0,99.68
0.0,93.4
0.0,0.0
38.799239032957566,15.84
38.799239032957566,54.08
0.0,36.96
0.0,34.8
0.0,87.44
0.0,0.0
0.0,87.44
0.0,31.36
0.0,0.0
0.0,31.72
0.0,31.36
0.0,30.56
0.0,0.0
0.0,29.76
0.0,32.96
0.0,30.56
0.0,32.56
0.0,0.0
0.0,38.0
0.0,39.92
0.0,32.56
0.0,31.56
0.0,0.0
0.0,36.0
0.0,29.4
0.0,31.56
0.0,27.52
0.0,40.72
0.0,0.0
0.0,32.96
0.0,30.36
0.0,27.52
0.0,28.56
0.0,0.0
0.0,15.44
0.0,23.36
0.0,35.76
0.0,28.56
0.0,0.0
0.0,19.08
0.0,38.84
0.0,24.96
0.0,0.0
0.0,35.92
0.0,0.0
0.0,40.72
0.0,0.0
0.0,27.72
454.60971519659813,0.0
4.4728116899496345E-5,25.25596184186256
0.0,0.0
0.0,31.12
0.0,0.0
0.0,63.84
0.0,0.0
0.0,25.24
0.0,0.0
0.0,37.28
0.0,0.0
0.0,59.12
0.0,0.0
201.462602486587,23.72
0.0,0.0
0.0,23.84
