0.0,158400.00000000012,0.14721976334087283
1.0,2.2300233329228565E7,9.359905528961868
2.0,2.237689738711267E7,12.359378745937871
3.0,3.2542750160786834E7,14.91951306027643
4.0,4.1198681568466835E7,18.48254963750533
5.0,4.742237193577009E7,21.129800485896403
6.0,5.499815580478698E7,25.698270708715285
7.0,4.603472976618972E7,23.812183939005138
8.0,3.465314138484011E7,15.780240747741626
9.0,2.8758299757152397E7,12.557241380251844
10.0,2.5508183596700795E7,10.005808948857094
11.0,2.392606220991078E7,9.491495964671666
12.0,1.920890748931327E7,8.321388697870622
13.0,2.3160717384318758E7,10.116035648324015
14.0,2.5550261623954017E7,11.474495048039866
15.0,2.562626919335162E7,11.408453870088179
16.0,2.356649518860425E7,9.516745852935038
17.0,1.9065549030795224E7,7.634661067275492
18.0,1.9310589866133504E7,7.33491584957728
19.0,2.0870126232216932E7,8.408408141242527
20.0,1.804574123400198E7,7.335524365238689
21.0,1.6736801416063722E7,6.832147949714087
22.0,1.1924007835362457E7,4.989343912187168
23.0,1.0877147745590465E7,4.5310501393082525
24.0,1.206356670777987E7,5.247123786514903
25.0,1.4530975589613859E7,6.481365460947699
26.0,1.3937413276152216E7,6.14476100656171
27.0,1.2395520607808981E7,5.273267191670396
28.0,1.0548842601612145E7,4.548722742514087
29.0,9731290.923713924,4.190874917664581
30.0,9438293.1928511,4.200256779337989
31.0,1.0607883370854521E7,4.724401650540882
32.0,9471266.561044008,4.243252387673242
33.0,8915051.504557451,3.9988012157288635
34.0,9914359.86275662,4.3995877802239916
35.0,8363009.998890378,3.6998105346848313
36.0,8909151.821542004,4.047987426717481
37.0,7639884.606117392,3.4548571318381907
38.0,6600219.399796169,2.954067425816994
39.0,5132034.954588992,2.3394768424747308
40.0,5349504.833971746,2.4577119015700837
41.0,5564731.660094894,2.6212107000868845
42.0,5609986.616460243,2.66736165251687
43.0,4616145.03282329,2.204559384146586
44.0,4364988.545501081,2.1018529178970264
45.0,5586302.126017296,2.7417486432787332
46.0,5224034.628538694,2.5922565353649336
47.0,4788214.996045481,2.3368602846332838
48.0,4002482.5773407007,1.965695607487891
49.0,3353416.7294789962,1.647119070541121
50.0,3345416.4372003237,1.6727343037111142
51.0,3580478.561738989,1.8128789431103782
52.0,3506228.7952517336,1.7988706848683667
53.0,2964053.2923491728,1.521179567814655
54.0,2602184.4117575064,1.354208675645794
55.0,2692233.416431354,1.4173260215732117
56.0,2411388.5293774605,1.274531742656239
57.0,3031441.4737511585,1.6218350607327
58.0,3072919.1742730336,1.6486797246624298
59.0,3252774.7126921974,1.7543324558615956
60.0,2405797.512056186,1.2731812294522518
61.0,2189266.756525861,1.1647801776809963
62.0,2881636.189951809,1.5499135598093923
63.0,3227894.3436356224,1.7522564283450996
64.0,2680523.576946402,1.4580376903195442
65.0,2334278.3435051576,1.2599339072244828
66.0,2053842.0698141363,1.1194197658054974
67.0,2171645.1695805304,1.1950972820309966
68.0,2451820.647698977,1.3582055868845906
69.0,2311191.6303813225,1.2813999173443766
70.0,1888809.61026676,1.0462476463184405
71.0,1846022.6397211046,1.032133279976461
72.0,2200222.74277334,1.2426990660943122
73.0,1878418.9310871046,1.0616958157672558
74.0,1535799.5774483548,0.8736538566000052
75.0,1668405.4077335156,0.9574304068947422
76.0,1653462.113466127,0.9558913577309335
77.0,1834507.1071984824,1.062360700577066
78.0,1922350.0737416185,1.1167139025410227
79.0,1581720.3818796324,0.9237170995596875
80.0,1526969.519146041,0.8866989660784983
81.0,1273196.3294473656,0.7411723376389902
82.0,1212125.5404833877,0.7097909618385023
83.0,1371692.4263733216,0.8092143251750216
84.0,1515985.2460434523,0.8958248085373568
85.0,1352296.7390875504,0.8004677286017237
86.0,1362488.76959272,0.8112086089982087
87.0,1220083.231507368,0.7210759738387198
88.0,1008678.3992536835,0.5994967995738767
89.0,1252074.8745238376,0.7482862943143965
90.0,1226944.7324911016,0.7338313473366934
91.0,944459.4865250642,0.5641735048359439
92.0,1145730.9030369744,0.6887824819321854
93.0,1086041.5120541072,0.655688715209295
94.0,821031.2172763877,0.49739994123494613
95.0,759756.9794882506,0.4619361258832147
96.0,750920.4182785781,0.45945469593198207
97.0,823809.2070325792,0.5043413545180802
98.0,755558.3509234247,0.4647187296542265
99.0,745077.8396728734,0.4610714031364398
100.0,687957.5366086446,0.42856388176224613
101.0,756928.8923097298,0.4738136213072885
102.0,635306.3584606703,0.40034655737806046
103.0,637351.7813920189,0.4058305995438402
104.0,554540.1160321464,0.35629528119588544
105.0,564627.1690969103,0.3665292453417747
106.0,517863.7710214518,0.33911293305819895
107.0,490699.7107631485,0.32399277346042393
108.0,511658.2868162284,0.3404882944149653
109.0,484070.3540978071,0.324743306106333
110.0,492967.16063759755,0.3340604142223398
111.0,458382.37187472486,0.3125577300853418
112.0,431812.6255154887,0.29668750362186963
113.0,445873.74179576756,0.308415576343701
114.0,452044.93272475956,0.3155352913752327
115.0,412971.54697273334,0.28959339357546376
116.0,390983.34044323966,0.2760696570441222
117.0,421555.2224476503,0.2993931085934535
118.0,460576.3761201771,0.3289603689723634
119.0,374133.48318844347,0.26868683043205355
120.0,423965.7507540361,0.30693134949893813
121.0,353642.81712005846,0.25792217026252484
122.0,407063.1685986159,0.29822456699516525
123.0,402317.67872747465,0.2958696036083003
124.0,325388.86910861346,0.2409845912348646
125.0,367763.2287118883,0.27366307481635754
126.0,374494.98978851223,0.2800116699773408
127.0,313758.7173963067,0.2358204159441313
128.0,439697.21856067283,0.33126737409512486
129.0,429497.02039128134,0.32418672536066384
130.0,294315.53180655336,0.2233777291919249
131.0,331692.3353482549,0.2526417241271061
132.0,345354.62247895333,0.2643676114033937
133.0,282877.5220996686,0.21766855093075094
134.0,353278.6974174462,0.27262949705706835
135.0,390872.58295899944,0.30228473927291505
136.0,271979.67247027927,0.2110070769405347
137.0,301967.15255876,0.2344416411429764
138.0,310216.0109202637,0.2417909270310452
139.0,248678.30020624935,0.19481146891270162
140.0,362238.34809886396,0.28447527507743486
141.0,350685.7616804772,0.27577740963219277
142.0,241374.5169362108,0.19062016967118778
143.0,265058.0580463087,0.20996807740669687
144.0,270500.8090314639,0.2153480257960864
145.0,222174.77279235458,0.1775603715187272
146.0,226821.51996988233,0.18172910343116255
147.0,216385.64976903005,0.17406917465285004
148.0,218821.21888329624,0.176596769301843
149.0,209089.92199814646,0.16927533402767636
150.0,212977.03080628533,0.17291303077437198
151.0,212502.61968429713,0.17296772279836997
152.0,208009.00136496103,0.17005178409729962
153.0,201295.32865913247,0.164905664257981
154.0,196370.62966578535,0.16126124176931558
155.0,201448.26223001082,0.1660454708187323
156.0,190609.25122936978,0.15752317062614565
157.0,188441.82235919638,0.15634459774186224
158.0,185334.89141939336,0.15417665425106217
159.0,171775.14049180597,0.14333901457209983
160.0,170727.41222881596,0.14270366348196492
161.0,165013.83150163572,0.13820259566849077
162.0,163449.1018493343,0.13714781719030783
163.0,163984.89190276864,0.13796670306634248
164.0,167266.48944783828,0.14107081601395197
165.0,163798.80933594157,0.13862928604513616
166.0,160450.65128545312,0.1360896433550001
167.0,149368.84396064666,0.1269746328837269
168.0,146798.86944691674,0.12505124838529869
169.0,143864.36554027244,0.12282849389724143
170.0,142125.84284920117,0.12159659771831184
171.0,138158.262692497,0.1184428113016094
172.0,140190.33273266326,0.12048964833299218
173.0,142539.21062012238,0.12268443804603205
174.0,136501.07417774654,0.11784388389591999
175.0,140338.5946837871,0.12122801194681641
176.0,126815.78894580959,0.10972450984401705
177.0,131885.1090170648,0.11425958665735592
178.0,124167.30173587194,0.10774882278430242
179.0,123198.64248639683,0.10709749590867863
180.0,125750.58464499051,0.10944580195812896
181.0,121308.51806593477,0.10570572180977292
182.0,124716.94130827906,0.1089666078370344
183.0,123968.87168318231,0.10838548786185467
184.0,113274.9601625693,0.09915892998758513
185.0,115347.3226369468,0.10109848444473002
186.0,117113.28885405604,0.10284852217196522
187.0,115406.48732461233,0.10152990780348146
188.0,111237.36376577185,0.09808856067875867
189.0,108213.20626320876,0.09555624279774816
190.0,107022.16382445127,0.09462835551086819
191.0,103761.29867934622,0.09190697602867677
192.0,100154.04141299298,0.08883829021502516
193.0,100156.27214326162,0.08894445129300316
194.0,98004.5712781595,0.08718412343257688
195.0,93469.85040695069,0.08327248034889853
196.0,96340.2644427293,0.08588879372479347
197.0,93484.1165384471,0.08343109393633333
198.0,92047.19227175345,0.08224800076484973
199.0,89777.78282085771,0.08031535243568352
200.0,88358.35378766945,0.07915138009520847
201.0,88613.71153517184,0.07946406665887082
202.0,86389.52857117134,0.07754993434978658
203.0,86710.45255272917,0.07794394933561596
204.0,84393.19020764006,0.07594379679257168
205.0,83105.5007079572,0.07485420993844126
206.0,82437.18735868612,0.07434417692442356
207.0,81095.99167991348,0.07319404549140754
208.0,79845.12260487047,0.07211934019525629
209.0,78115.9768120019,0.07062566195125845
210.0,76565.05237160507,0.06928912176163862
211.0,75036.15639425383,0.06796878773097279
212.0,76311.94132377184,0.06917181245953709
213.0,77289.76586884761,0.07013451372553738
214.0,73507.50615678879,0.06675966021327043
215.0,73964.85851398786,0.06723811775391421
216.0,70431.88474976213,0.06408553498651698
217.0,73209.89111015736,0.06667724248231037
218.0,74606.94242351037,0.06798291959550125
219.0,70561.9073289953,0.06438600463913119
220.0,66876.73319151357,0.061078722472152035
221.0,67852.06111080048,0.06201149861612765
222.0,65584.56611248688,0.05998127966435089
223.0,63994.27217523614,0.05856725578583008
224.0,63436.88932504074,0.058104784381800015
225.0,64876.005807485664,0.05944623914109111
226.0,62621.07336734759,0.05740214659580456
227.0,62898.098181558424,0.05769986946677082
228.0,62361.2426259917,0.05724854563540716
229.0,59748.73016271554,0.054889032638727187
230.0,63194.99778323108,0.05812626146101743
231.0,61936.26010465762,0.057020094080850396
232.0,58216.74487218354,0.053662165506215595
233.0,56832.889739686274,0.05240979773679349
234.0,56432.50453098782,0.05206094206992777
235.0,55158.5092334958,0.05091657859454269
236.0,53735.110642037005,0.049632318618915525
237.0,54704.400776216295,0.050554283633609205
238.0,54183.11860526295,0.05011498313081496
239.0,53093.479258178966,0.04913608663624735
240.0,53229.9806611886,0.049285374456427215
241.0,51615.88479813398,0.04781280993167798
242.0,52544.95012228016,0.048714810899308486
243.0,49865.52875786554,0.04626427958043099
244.0,49967.76655399334,0.04638795176418597
245.0,48522.609887082246,0.04507389565134557
246.0,47091.258676960366,0.04377063077223348
247.0,50506.531182459556,0.046970723241567654
248.0,48285.34913036181,0.04491543965403348
249.0,44183.49763601844,0.04110701441575105
250.0,51018.313089822535,0.04750437804477107
251.0,46356.42106675403,0.04317374505445058
252.0,48127.938405593275,0.0448328667492398
253.0,46092.00818046776,0.04294503147056624
254.0,47574.23515422526,0.04436264845749329
255.0,43796.85060772626,0.04086758036403457
256.0,48248.4595151823,0.04504540617361984
257.0,42656.09735055093,0.0398643499583085
258.0,39748.73935335979,0.03718409053635894
259.0,40121.037929025595,0.037555070563365295
260.0,40248.36930443684,0.03768308456711358
261.0,40834.053984124796,0.038241095296143064
262.0,39264.90218901087,0.036778728232729686
263.0,39630.84967412206,0.03712712365372943
264.0,38862.90514494653,0.03641312387501193
265.0,39093.41265912715,0.03663459356327387
266.0,39764.99630888738,0.037284730740891905
267.0,37772.39766791207,0.0354317845365895
268.0,39397.5044786107,0.036965056999832366
269.0,37567.18587741442,0.03525607917166016
270.0,39983.854303643224,0.03754648289633038
271.0,35123.21186190704,0.033001557938461976
272.0,42923.74789561739,0.040344235600213524
273.0,34841.05513950938,0.032774285929533686
274.0,32086.865337545285,0.030208031130326506
275.0,32669.086358386092,0.030765727233165577
276.0,31404.358772426494,0.02958375484942749
277.0,34291.713235768955,0.03232535201558447
278.0,34008.36558971868,0.032064178765909196
279.0,32787.2099218911,0.030918468415396635
280.0,31572.47138549795,0.02977831569086763
281.0,31359.093542242772,0.029587046634570454
282.0,31365.7998813343,0.029604189132931065
283.0,30589.924597951,0.0288822969905584
284.0,29820.76870825165,0.028166088967212496
285.0,29058.229712005355,0.027455487511795613
286.0,28302.20714133978,0.026750416418947688
287.0,28399.239984876127,0.02685495894629854
288.0,30861.180830551777,0.02918978457875775
289.0,28324.8221797148,0.02679691262507592
290.0,32702.228957912652,0.030951123562661532
291.0,26882.558037104784,0.025452069764277663
292.0,30857.363004215294,0.029221569246520418
293.0,30191.010968932183,0.02858897267420865
294.0,27612.753063677927,0.02614611054757835
295.0,34117.23758624715,0.03230427089560095
296.0,27419.431656142464,0.025961930637960238
297.0,30447.544674400473,0.02882643223743583
298.0,27671.59498587367,0.026195906033479363
299.0,30681.287088802666,0.029066229687469254
300.0,27997.275136516546,0.026536196847398184
301.0,28445.28635807708,0.026969276887693183
302.0,25603.895344726276,0.024282833669527153
303.0,30011.096628937055,0.02847272789888488
304.0,26279.49625621864,0.024934922423698654
305.0,25919.43609022838,0.024594648735904157
306.0,24460.83493039396,0.023211870019191772
307.0,24159.775300466456,0.022929412530310583
308.0,26182.221061951364,0.02485153330369716
309.0,25010.697001568158,0.023742069321044054
310.0,24938.603861330193,0.02367782939367799
311.0,23159.699960481492,0.02199270676297837
312.0,24517.151346417377,0.023283646887249012
313.0,24261.59552355169,0.02304746496641255
314.0,23764.39658909093,0.02258145322472459
315.0,23271.5473104798,0.022119237488016676
316.0,23962.665590393706,0.02278134463540621
317.0,23169.073116937187,0.022031851728605098
318.0,23499.106126822764,0.02235325197159152
319.0,22512.390532984864,0.021421813541007542
320.0,21532.021693414194,0.020495707979150953
321.0,23403.689605776453,0.022279150271085478
322.0,21244.48231653648,0.020228777293355506
323.0,22641.811084918212,0.021568537658185553
324.0,21395.504979507416,0.020387277474741027
325.0,22568.03885062202,0.021507576169731483
326.0,20714.811581223854,0.019744168920302837
327.0,23272.705404471024,0.022187981217452274
328.0,19978.545703596785,0.01905225983035236
329.0,22751.055970572866,0.021702611033485975
330.0,16858.761631088215,0.016086530906025364
331.0,26090.9689740655,0.02490756072036928
332.0,17659.755028225016,0.01686168097828849
333.0,20914.89712831471,0.019969725685205247
334.0,18380.35057708912,0.01754972543353119
335.0,23025.136119715753,0.021989989251249318
336.0,17734.618395396392,0.016941415833989056
337.0,21692.39598003018,0.02072545096788344
338.0,16257.924849081668,0.015535135168016998
339.0,25009.616768041044,0.023918052843918014
340.0,14581.99314935098,0.013954673350051775
341.0,19462.35024640255,0.018619367000488888
342.0,17762.410968501237,0.01698465598526764
343.0,21975.433551248396,0.021010698847833596
344.0,16748.973155681044,0.01601027547254456
345.0,18707.59222486918,0.017876954045468896
346.0,18987.193301379448,0.01813958709705654
347.0,18471.067494420102,0.01764592657015875
348.0,18266.073149202042,0.017449527549370923
349.0,18061.381643953035,0.01725343675829011
350.0,17856.99442876468,0.01705765525113443
351.0,17652.912897167727,0.016862184034088117
352.0,18521.832234125235,0.017690728328965566
353.0,18246.838319104165,0.017426658292034
354.0,19854.59712701023,0.018967983467220385
355.0,18392.369554050383,0.017575427046451448
356.0,20350.305735398317,0.0194502325649443
357.0,17619.2078007441,0.016843213717116216
358.0,20829.652837860165,0.019921452678773027
359.0,16409.00244071905,0.015699721503549088
360.0,18780.058277852484,0.017970392136702252
361.0,16931.716604223824,0.01620361455667243
362.0,16087.95756534161,0.015399505070019168
363.0,15363.378528734669,0.01470911355078662
364.0,15418.421978668077,0.014767808653103317
365.0,16013.233390454785,0.015341902615006566
366.0,15609.782783945557,0.014958282791810863
367.0,14160.387871749816,0.013571998997635866
368.0,15481.913794086082,0.014841325471084967
369.0,14640.712974737631,0.01403643329004833
370.0,15443.117368790205,0.01480632709106822
371.0,14824.059999683755,0.014213373490883157
372.0,14207.006389371352,0.013622287094473873
373.0,14640.796745637897,0.014039766623927592
374.0,13849.738544610562,0.013282626911580588
375.0,14139.23911565065,0.01356050185634161
376.0,14047.574994855328,0.0134728144726083
377.0,13956.29158016364,0.013385486939457382
378.0,13865.385408967733,0.013298516030702413
379.0,13774.853065106669,0.013211898562828353
380.0,13684.691178080044,0.013125631394279177
381.0,14439.498851106502,0.01385212643408595
382.0,14537.953977928031,0.013949267111543753
383.0,15086.323314081761,0.014478348996427628
384.0,14222.907979604322,0.01365245236722389
385.0,13363.343712408212,0.012829896997905963
386.0,12507.593987972708,0.012010655205280758
387.0,13958.738438065862,0.013408133451300085
388.0,12811.902254998917,0.012308834852873107
389.0,14843.474285106058,0.014257917488061001
390.0,13372.110336710815,0.012842173927066904
391.0,12787.834303858923,0.012281116541097554
392.0,12514.730172396172,0.012018895962026863
393.0,12242.361654880806,0.011757378545284022
394.0,11970.72460508754,0.011496560368136314
395.0,12713.67946139886,0.01221013284483516
396.0,13320.514075623243,0.012795035041039212
397.0,12500.893876865506,0.012009701721989608
398.0,12821.407667457475,0.012319320879203519
399.0,12170.649727347773,0.01169564390512393
400.0,12709.159923203755,0.012213684735314792
401.0,12120.017921151128,0.011648028315352155
402.0,11532.685089509701,0.01108405553780504
403.0,13490.176307499642,0.01296697738809632
404.0,12768.940981772379,0.012274172007820505
405.0,13492.677780669299,0.012969433131650818
406.0,12871.666892479989,0.01237209650153434
407.0,12251.932138159056,0.011776029658332387
408.0,11633.469667326892,0.011181228159176331
409.0,13124.13091072184,0.012617847970026824
410.0,10831.646803218639,0.010416994912944906
411.0,13214.996319967438,0.012708266895274913
412.0,12010.377850123681,0.01154908419879197
413.0,10808.18861942098,0.01039239541451459
414.0,12178.819893767359,0.011712590012189996
415.0,11259.927178780665,0.010831023883974592
416.0,11202.462713790708,0.01077700965711942
417.0,10618.19826084515,0.010216119146666605
418.0,11117.749638782116,0.010696895876029424
419.0,10342.70982223167,0.00995132528665253
420.0,12293.176352259936,0.011830266062319976
421.0,10591.72922124248,0.010194837570286951
422.0,11731.767151668086,0.011293123787988297
423.0,11142.212832470774,0.010726523032899777
424.0,10554.66838201764,0.010161753026679961
425.0,9969.118552582571,0.00959880098920534
426.0,10237.737995069125,0.00985930137810736
427.0,9599.515901612584,0.009246398794161993
428.0,8964.134966954822,0.00863598923480335
429.0,9680.516432759818,0.00932743716545061
430.0,9125.174184726435,0.00879355574221525
431.0,8572.103972323355,0.008261707180265417
432.0,8021.2862302333815,0.0077318755822424305
433.0,9900.427989710239,0.00954521364448097
434.0,7656.25865023979,0.007383092464721363
435.0,10067.094699266716,0.009709165697737117
436.0,7513.3613107929705,0.007247155439575799
437.0,7885.994677218609,0.007608084749985007
438.0,6981.337979653734,0.006736624255524655
439.0,6080.116225796868,0.005868128137908466
440.0,7678.429325517267,0.007410860771055477
441.0,7244.003393970779,0.006991709673373342
442.0,6810.697471601074,0.006573622072376908
443.0,7443.05115021253,0.007184445626123862
444.0,6934.346288978588,0.006693860248127663
445.0,6427.246333461953,0.006204755327370072
446.0,7041.859896395472,0.0067983819279274285
447.0,7804.030970548745,0.0075343762437195885
448.0,7258.566724698059,0.0070079217443101485
449.0,6714.476408770075,0.00648276806501121
450.0,8582.839535165811,0.00828816822408532
451.0,6993.871885211207,0.0067549755999666995
452.0,7851.171616837615,0.007583363285775308
453.0,7360.254865620867,0.0071095372979633475
454.0,7963.425242444151,0.007692427000686898
455.0,7364.515327898436,0.007114141642980545
456.0,6767.151305126492,0.006537308134230024
457.0,7176.23789164098,0.006933105189206611
458.0,6664.204466881114,0.006438976530707337
459.0,6153.869742931449,0.005946399337560768
460.0,6747.9084238493815,0.0065200462976598575
461.0,6412.477348058019,0.006195598714209232
462.0,6077.404431545292,0.0058715358980318
463.0,5742.691262337728,0.005547858829593815
464.0,5408.339384908206,0.005224568455084481
465.0,6382.175360907684,0.00616364581960153
466.0,8449.127536346903,0.008158633322500707
467.0,7204.686598662869,0.006955971584109064
468.0,10177.611986345844,0.009823931631263244
469.0,7590.417477415991,0.007324917535466777
470.0,9549.708708668943,0.009217752437164157
471.0,7473.060577950906,0.007214902253872263
472.0,6682.207805509446,0.006452679509564652
473.0,8364.060896673007,0.008078245275420287
474.0,7036.459803652368,0.006797248315551174
475.0,5712.837959229597,0.005519620982981627
476.0,8245.99240738852,0.007969832845624641
477.0,5231.306091253413,0.005057829120024164
478.0,6566.99560661125,0.00635035026264426
479.0,7109.6621789661,0.006875805197423355
480.0,6227.059705821681,0.006022834295637885
481.0,5346.931295943097,0.005172082228160615
482.0,5679.407258427702,0.005494270036613953
483.0,5411.514137852704,0.005235661756254261
484.0,6271.37708148791,0.006067200091737651
485.0,6095.794252090389,0.0058969649766112825
486.0,5920.17742157029,0.0057267211843444
487.0,5744.529944183771,0.005556471671089325
488.0,6611.286365058739,0.006394689948640975
489.0,6064.5610400154255,0.005865727745137233
490.0,5518.793269681395,0.005337719549488113
491.0,6327.152463154169,0.006118814549125182
492.0,7247.120026417077,0.007007359419522108
493.0,6784.521644326043,0.006559016102171206
494.0,6321.861918404698,0.0061107647715443626
495.0,6674.4398725035135,0.006451440354436359
496.0,6417.375291573,0.006202841303017176
497.0,6160.704864373198,0.00595463404627577
498.0,7023.1951504244935,0.006788119886208828
499.0,6904.17344352568,0.006672931015815502
500.0,6785.250747654703,0.0065578442279402875
501.0,6666.427764423774,0.006442860120328889
502.0,6547.7051804800285,0.006327979277271025
503.0,6429.083667751751,0.006213202269825209
504.0,6310.563883692026,0.006098529656041227
505.0,6192.146471513086,0.005983961981173806
506.0,7011.424539384083,0.006776202398030084
507.0,6344.103518107091,0.006131724215185692
508.0,6927.155994273722,0.006695325671914799
509.0,7799.281190483947,0.007537592350189524
510.0,7117.282537712599,0.006877869132180838
511.0,6436.085771219456,0.006219041580657238
512.0,7914.648288740078,0.007648708581311623
513.0,6694.550181332044,0.006470417929998829
514.0,5477.578152143513,0.005294848486006141
515.0,8300.711777026183,0.00802511252709184
516.0,5709.183308358886,0.005520521296237837
517.0,5829.9186844907235,0.00563817458592547
518.0,5131.884582127444,0.004963891684365874
519.0,4436.145337361144,0.004291608075710023
520.0,3742.684850339894,0.003621311651027472
521.0,4448.461280478165,0.004304416188119017
522.0,4201.137697311118,0.004065303658436788
523.0,3954.5805726405233,0.003826907567456346
524.0,3708.7847526002442,0.0035892233179681244
525.0,3463.745133890654,0.003352246355620809
526.0,3219.4566631447524,0.0031159721684111564
527.0,3977.60724507994,0.003849764810338477
528.0,4494.8097586130025,0.004350732240407969
529.0,4220.793010167312,0.004085860624931817
530.0,3947.8078279267065,0.0038219382343198105
531.0,4735.832195176627,0.004585004079265121
532.0,4563.982980728382,0.004418787125587893
533.0,4392.6644056157675,0.004253070828765111
534.0,4221.872931042337,0.00408785196012985
535.0,4051.6050524803577,0.003923127321169594
536.0,3881.8572992557893,0.0037588937431750446
537.0,3712.6262341397814,0.003595148086894316
538.0,4510.606828997261,0.004368172147057526
539.0,3852.3826411537593,0.0037309823356871433
540.0,4372.954381010728,0.004235063593843204
541.0,5251.334671971737,0.005085435964713278
542.0,5037.151730864425,0.004877724035187603
543.0,4823.020089211874,0.004670089006097512
544.0,4608.942063597264,0.004462532812049764
545.0,4394.919935040176,0.004255057356521541
546.0,5290.270654115127,0.005121978392326384
547.0,4907.489085054491,0.004751432383770713
548.0,4525.475477247615,0.0043816203840607295
549.0,4144.226529088337,0.004012539326350651
550.0,5205.620549474377,0.0050395043853242215
551.0,6009.924834044534,0.005817592210838352
552.0,5452.407581378589,0.0052774212801069064
553.0,4895.377087269444,0.004737826077542206
554.0,4338.835316433688,0.004198807226463885
555.0,6088.844233719516,0.00589261891044672
556.0,4599.853515619878,0.0044518248195037
557.0,4374.232104393188,0.004233636991562607
558.0,5174.044308480341,0.005007702613696388
559.0,5846.922942072502,0.005658819477535069
560.0,5336.804395769839,0.0051649950333796865
561.0,4827.471321069985,0.0046719538972143934
562.0,5293.939977662638,0.005123804662741086
563.0,5004.200086704106,0.004843760708603446
564.0,4715.408423225861,0.004564587641903616
565.0,4427.558561441372,0.004286279939195844
566.0,4140.644136722898,0.004008832125882467
567.0,3854.658844890655,0.003732238775692922
568.0,4754.756736194366,0.0046036181652130736
569.0,4668.108037622529,0.004519594776717549
570.0,4581.457388300798,0.0044355751781154935
571.0,4494.805864690919,0.004351560353509461
572.0,4408.154528343701,0.0042675512731206134
573.0,4321.504426102969,0.004183548893481431
574.0,5288.739473467926,0.005119963990886035
575.0,4760.217490275041,0.004608359385866638
576.0,4232.672680821968,0.004097689138803318
577.0,4767.696430069045,0.004615553991903135
578.0,4614.88630843861,0.004467527418037779
579.0,4462.229711945751,0.0043196562293854575
580.0,4309.726866806974,0.004171940566890495
581.0,4157.377991621848,0.0040243805650183335
582.0,4005.1832974910503,0.0038769763518589065
583.0,3853.142988133477,0.0037297280492292655
584.0,3701.2572600009153,0.0035826357727739523
585.0,3549.5263023894513,0.0034356996320623868
586.0,4398.366529063322,0.00425715361142876
587.0,5065.986619351548,0.004903609966974504
588.0,4720.7315174818505,0.004569671678703388
589.0,4376.350062737009,0.004236540926413445
590.0,4032.8373497674474,0.003904213476636072
591.0,4906.106117920019,0.004749439318737356
592.0,4844.1038879860425,0.0046892299290754265
593.0,4781.999029278406,0.004628927239320679
594.0,4719.793273350457,0.004568532877925368
595.0,4657.488331455737,0.004508048453932949
596.0,4595.085894807125,0.004447475557231004
597.0,4532.587634819443,0.004386815758788081
598.0,4469.995203358005,0.004326070610896121
599.0,5320.044974728487,0.005148882952734969
600.0,4797.900369545561,0.004643655957619247
601.0,5580.571951714228,0.005401135983199481
602.0,6448.245976206032,0.0062406310708818255
603.0,5764.833545761299,0.005578973881051878
604.0,5082.325661018607,0.0049182524557979885
605.0,5528.97877193708,0.005350641619726601
606.0,5106.137480308185,0.004941581644985414
607.0,4684.139973128098,0.004533313818435783
608.0,4262.982505486696,0.0041258348229022196
609.0,3842.661358914105,0.0037191413629210955
610.0,4649.761038130964,0.0045003372950698384
611.0,5476.085724734818,0.005300068083621214
612.0,6203.72418885096,0.006004613186194223
613.0,5899.896553211613,0.005710815866317576
614.0,5596.809231922845,0.005417704758067126
615.0,5294.458226188552,0.005125276382388619
616.0,4992.839569570962,0.004833527286458968
617.0,4691.949327657116,0.004542454043435661
618.0,4391.783597728703,0.0042520532522083345
619.0,5297.180780554074,0.0051284803409189905
620.0,4840.257765628281,0.004685960443310914
621.0,4383.913209384424,0.004244029475355663
622.0,4965.701245386619,0.0048071201724313485
623.0,4694.279952019686,0.0045442414958025285
624.0,4423.157616119599,0.0042816674622883286
625.0,4152.334145102766,0.0040193978130937
626.0,3881.8094399775146,0.0037574322850863744
627.0,4601.871803576942,0.004454206279095811
628.0,4462.131489437772,0.004318741076460532
629.0,4322.376527405344,0.004183276081278959
630.0,4182.608457095921,0.004047812649353065
631.0,4042.8287990593817,0.003912352119175658
632.0,4929.82844346005,0.004770885762755273
633.0,4481.975827840273,0.004337617543275562
634.0,5066.979330422473,0.004903776498311002
635.0,4969.481579481508,0.0048094167338911115
636.0,4872.13485919591,0.0047152032407130106
637.0,4774.938708776608,0.004621135571680507
638.0,5616.828214851557,0.00543614090314768
639.0,5368.110547988326,0.0051956460057561915
640.0,5119.987256926834,0.004955704561246339
641.0,4872.455209114123,0.004716313809020294
642.0,4625.511296541779,0.004477471008833006
643.0,5524.1899715390755,0.005348119779113499
644.0,5113.562886826694,0.004951254443198202
645.0,4704.223271714174,0.0045555239701441635
646.0,4296.1631289625075,0.0041609221012556185
647.0,3889.374529280467,0.003767442624134799
648.0,4519.696081380011,0.004378334226680346
649.0,4380.104831593111,0.004243427453489151
650.0,4241.0841827506665,0.004109051371773113
651.0,4102.630205921363,0.003975202492984137
652.0,3964.7390068592504,0.003841877357687719
653.0,3827.4067256423878,0.003709072535280537
654.0,3690.629536307766,0.003576784623703352
655.0,3554.4036465031095,0.003445010249169158
656.0,3418.7252971290145,0.0033137460658809203
657.0,3283.5907619936625,0.003182988755760449
658.0,3148.996347471606,0.003052735028180174
659.0,3014.938392162905,0.0029229816196942758
660.0,2881.4132665594807,0.0027937252937757927
661.0,2748.4173727122834,0.002664962840553555
662.0,2615.9471439084737,0.0025366910765578588
663.0,2483.9990443461575,0.0024089068444628292
664.0,2352.5695688126143,0.0022816070128312445
665.0,3219.161267200834,0.003122268269900806
666.0,3991.195615264587,0.0038710107847762867
667.0,3761.110361144063,0.0036478029193382235
668.0,3531.305239438778,0.00342487327596959
669.0,3301.7797936137067,0.003202221342587897
670.0,3072.5335663683945,0.002979846607102097
671.0,2843.566099666641,0.002757748557432967
672.0,2614.8769347642083,0.002535926681531701
673.0,2386.4656122369925,0.00231438046739904
674.0,2158.33167200943,0.0020931094031047316
675.0,1930.474653384299,0.0018721129768084481
676.0,2654.5850488293217,0.0025743553058882223
677.0,2127.3033548283856,0.0020630280740507228
678.0,2733.2232274059206,0.0026504847871346047
679.0,2553.6824478484923,0.002476234417531165
680.0,2374.1419341174187,0.002302005431534576
681.0,3277.0398042162415,0.0031772004857990263
682.0,3161.625939589343,0.0030650449388112625
683.0,3046.0018525265623,0.002952705929628937
684.0,2930.1703631618293,0.002840186062281634
685.0,2814.134263270651,0.0027274879136080137
686.0,2697.8963165724417,0.0026146140335606216
687.0,2581.4592590343673,0.002501566945511776
688.0,3616.3627507521305,0.003504439904423546
689.0,3337.7500723456033,0.0032344483478275884
690.0,3059.5391001014505,0.0029648463506931795
691.0,2781.728681536624,0.0026956327933269335
692.0,3741.6493982558604,0.0036257571247107676
693.0,3667.3518334560795,0.0035536766657781947
694.0,3593.0562697232235,0.003481602032808592
695.0,3518.7633023896487,0.003409533769535003
696.0,3444.473519933177,0.0033374724133114955
697.0,3370.187504046713,0.0032654184951787586
698.0,3295.9058297197334,0.00319337253994117
699.0,3221.629065309302,0.003121335066233746
700.0,3147.357772613177,0.0030493065865911263
701.0,3073.092506942805,0.0029772876075164407
702.0,3929.925454933662,0.003807635136741822
703.0,3485.002285350696,0.0033767568746037773
704.0,4242.641227857675,0.004111011884879182
705.0,5112.041449824115,0.004953521615621988
706.0,4756.345277646207,0.004608931995245394
707.0,4401.225189177087,0.0042648887371456974
708.0,4046.6791432785103,0.003921389990427891
709.0,3692.70511038485,0.003578433914045598
710.0,4324.352786865202,0.0041909541923468826
711.0,3895.176921859733,0.0037753930263311366
712.0,3467.0342524530133,0.0033607488564392986
713.0,4080.7871898247395,0.003956009810252985
714.0,3872.4281546471175,0.00375432678419823
715.0,3664.7108684133273,0.0035532315938609457
716.0,3457.6315878116293,0.003352721036141906
717.0,3251.186598762404,0.0031527919310573153
718.0,3045.3722161400365,0.0029534411215381244
719.0,2840.184783500503,0.0027546654732338634
720.0,3670.674828001531,0.003560531895396072
721.0,3107.287319932948,0.003014371840403923
722.0,2545.1364038751926,0.0024692932360844463
723.0,3315.6924977970775,0.0032169729567528183
724.0,4092.281670311466,0.003970279913438422
725.0,3384.9036646818276,0.00328385870837192
726.0,2678.3303027527872,0.0025982738513376565
727.0,1972.5602938284865,0.0019135235346273548
728.0,3573.866668924107,0.0034672629823873946
729.0,2614.759250362171,0.0025370254235584687
730.0,1657.3999163133558,0.001608291840471476
731.0,1871.5055163606303,0.0018160641089424439
732.0,2778.359350025421,0.002695846673862653
733.0,2674.5460840394953,0.002594918657677698
734.0,2570.5549764691386,0.00249383452609787
735.0,2466.3882380250143,0.002392596327079944
736.0,2362.048058752902,0.002291206088721784
737.0,2257.5366082389373,0.002189665819469483
738.0,2152.8560358152026,0.0020879775083245946
739.0,2048.0084707590286,0.0019861431250450447
740.0,1942.9960224939277,0.0018841646203473707
741.0,1837.8207807893632,0.0017820439261076284
742.0,1732.4848159496905,0.0016797829555515679
743.0,2536.592028741259,0.0024594305805738124
744.0,2150.9209900306305,0.0020854924123044384
745.0,2961.3330042248126,0.0028711803882359053
746.0,3934.3821446341462,0.003814428682585259
747.0,3740.9863108874997,0.0036267608089782448
748.0,3547.6579252087977,0.0034391765968750016
749.0,3354.397822658764,0.003251676699650736
750.0,3161.2068282283144,0.0030642617621972797
751.0,4076.659283615998,0.0039516911947502335
752.0,3758.3786153321853,0.003643214275679825
753.0,3440.5734867658466,0.003335190142761592
754.0,3123.2423568832455,0.0030276173841277897
755.0,3827.592309072963,0.003710299791518003
756.0,3736.4662831727182,0.003621866880849492
757.0,3645.3490787921473,0.003533447882056361
758.0,3554.241258090595,0.003445043297328251
759.0,3463.1433771693846,0.003356653623301237
760.0,3372.05598613841,0.003268279351120159
761.0,3280.9796291731764,0.0031799209664917327
762.0,3189.9148445770843,0.003091578949742734
763.0,3098.8621648420813,0.003003253775876614
764.0,3961.842892791028,0.003839692450437371
765.0,3610.175437349244,0.0034989429917954614
766.0,3259.053946595639,0.0031587076300140775
767.0,4169.886542574735,0.004041484886280408
768.0,4024.9393028513296,0.0039009905868768267
769.0,3880.169964125962,0.0037606695074941586
770.0,3735.578118599835,0.0036205212454276576
771.0,3591.1633597129257,0.0034805453992434376
772.0,3446.92528214457,0.003340741568778294
773.0,3302.863481807057,0.003201109355132808
774.0,4134.990625437815,0.004007801722324509
775.0,3770.5404297488276,0.0036547443208929933
776.0,3406.7584339946043,0.0033022984985946165
777.0,3043.641899560578,0.0029504619683282086
778.0,2681.188104916713,0.002599232455812865
779.0,3526.045607204782,0.0034184834405374207
780.0,3200.8758104599547,0.003103430023447293
781.0,2876.373389849672,0.0027889827851116157
782.0,2552.5353558695642,0.002475139253044694
783.0,2229.3587386625586,0.002161896969380385
784.0,1906.8405878612539,0.0018492534907693316
785.0,2465.781139790197,0.0023916680590751046
786.0,2047.7126897246344,0.001986458055538941
787.0,1630.7521917676786,0.0015822023825878561
788.0,2251.7903128616745,0.0021849606140949807
789.0,2001.317805721541,0.001942106860305123
790.0,1751.5339776959736,0.0016998743518887422
791.0,1502.4352149550105,0.0014582601123125402
792.0,1254.0179291398963,0.0012172611839016843
793.0,1006.2785571409622,9.768746276936687E-4
794.0,759.2135608873796,7.370975233028011E-4
795.0,512.8194271354005,4.979269687823471E-4
